url,label
wompi.com,0
terraform.io,0
051b7f39-2035-4af6-9c1b-f9a5636c5e22.id.repl.co,1
0i-m4.fwh.is,1
02e.fazvxvai.workers.dev,1
0422562563.cloud,1
0lx-infosite.332232333.xyz,1
porkbun.com,0
07d257c5.ilekdfjcxm.shop,1
1000200030005647588787575787765785937.tk,1
101.99.93.167,1
1009112.wcomhost.com,1
026bet.com,1
0lt4r.mjt.lu,1
000ccee008762200ccceecc.pages.dev,1
093295384.com,1
0cff6637.fei124970841.cn,1
04twv7m5v9n4vkgfds5bkl64jm9ongt5vk.pages.dev,1
0.bgeneral0.repl.co,1
03c850e8.b7cg2m.shop,1
0f26d7b534fc4ea6cab71a3e2aa9745a-dot-gle9392420309493993.rj.r.appspot.com,1
0l5r05qgb9qi-git-main-enriquefernandez-pandorabe.vercel.app,1
101.99.92.175,1
0ece81a.wcomhost.com,1
0nl1876ne65acc8765.duckdns.org,1
001molluscan.ru.com,1
0authxfinity.vercel.app,1
103.176.146.201,1
060583754107673-dot-wetransfer-auth-file-341.appspot.com,1
0432fiivesb1.ga,1
0f74eb6.wcomhost.com,1
0zddf4z.tokenapp.download,1
reactjs.org,0
0yeeeoyeeefacebookgrupoartisticobajacalifornia.filesusr.com,1
103.27.34.27,1
0432rrr.com,1
0n3dr1v3s3653.fi13sh4r3.workers.dev,1
playstation.com,0
008491133.cloudns.nz,1
0nline3mtbanking.ddns.net,1
08075345324dfew454546.000webhostapp.com,1
0184893-904.com,1
04notifservicp0stalaramex10-bc6a03.ingress-erytho.ewp.live,1
08kjvt7r.square.site,1
03view00yah00mai189att0ach9ment0ius0.github.io,1
0rzuh18wo2u2rh5.wusps.xyz,1
0365cc.com,1
09c43fd2-26c5-41f3-8605-572342bb5193-00-28nrq08n6gv9.riker.replit.dev,1
0f755d5.wcomhost.com,1
02ci9bc-33i.com,1
09819c8235.00015623a546554.workers.dev,1
02i4yah001i2-y0mai10a-031rs2i-e32ia.netlify.app,1
05798438536820.ml,1
000codashoppfreee-771.duckdns.org,1
02r.me,1
0av8vhnbqudeln35lbq.wusps.xyz,1
05-006-001.com,1
103.155.92.142,1
012841013.duckdns.org,1
0zpt4.za.com,1
02-billing-error.com,1
coinbase-suspended.info,1
100029634816.ml,1
09wr-4hjg-wher-fcnjqae-9dcjnmw-erjf-9wjne9f-cjawfedef.obs.na-mexico-1.myhuaweicloud.com,1
02-updated-billing.com,1
0365online.pages.dev,1
103.234.178.177,1
login.amazon.suspicious.ru,1
0711git.pages.dev,1
0593cm.com,1
medium.com,0
0560db8.wcomhost.com,1
09o8fbx0j6fp.swipepages.net,1
09h-yghjebsdf6t87yso8ufugiskjg.vercel.app,1
100000000000000000000566484716.tk,1
0moc4s.corvettesandbids.com,1
103.241.146.74,1
067584.urest.org,1
0ed874b.wcomhost.com,1
0953f37b.yejb4g.shop,1
04782346872634876.ml,1
peacocktv.com,0
0007933738373.myportfolio.com,1
067a3f3f-8fb5-4c8f-9a37-2de918f580b8.id.repl.co,1
04bokepindo.duckdns.org,1
1000onlinegames.net,1
0wad3887.s3.amazonaws.com,1
04325c.com,1
0005tecnicoasistente.000webhostapp.com,1
0nzzd.sbs,1
0c7506230b6ead557902be4f020d39c4-dot-dbenitonline.ey.r.appspot.com,1
103-241-67-67.cprapid.com,1
tv.apple.com,0
020saibo.com,1
0ccfad5.wcomhost.com,1
041255.repl.co,1
07398047d14e813a7d6e09d5862269fc-dot-gle9392420309493993.rj.r.appspot.com,1
04321c.com,1
yahoo.com,0
0242523456345.3456945020012.repl.co,1
08169ca97db3c03594274c9b494c4e5b-dot-gle9392420309493993.rj.r.appspot.com,1
realtor.com,0
0uvplv4ohixwmbgd082zaz7pgfxf.qwo231sdx.club,1
10000000000000000000478589619.tk,1
paypal.com,0
0pensea.com.cn,1
avast.com,0
0owsj3f.duckdns.org,1
101.132.78.77,1
03af5886.designqueen.cn,1
08a8336.wcomhost.com,1
0640f75.wcomhost.com,1
0sxgzfcczjbslpdi5whvrtz4.qwo231sdx.club,1
05il0rh.com,1
0ncb71b2.square.site,1
02fdip.er3v9yfo.workers.dev,1
1000000021205549874416374-pe.tk,1
abc.es,0
1000000000074558557412569836452.tk,1
0ctoholding.site,1
0560db3.wcomhost.com,1
0086a.shop,1
0.0.0ns6.cryptonight.net,1
04265.top,1
085e4ae7.ithemeshosting.com.php73-39.lan3-1.websitetestlink.com,1
04citizexs-yuo.serveftp.com,1
020life.com,1
patientinfo.nhs.uk,0
0ffice365fax13.pdf1.workers.dev,1
103.179.87.112,1
02-billing-renewal.com,1
0od2l29.icu,1
001892.com,1
103.143.72.151,1
000000login.weebly.com,1
nike.com,0
00mtbverify.ddns.net,1
0ndqhhzqxh6mfktsverby.richardl.xyz,1
1000creditline.com,1
1002883.azureedge.net,1
0ltsxezhbvtxfurulq0chu.richardl.xyz,1
0f39788.wcomhost.com,1
100001533462003-id.ml,1
hbo-account-locked.ru,1
100000000056484541658746541-gq.tk,1
0i3gqtdbnu.preview-beefreedesign.com,1
00828.liye19960713.workers.dev,1
000343594567126312342754pgsbsnsswrng.000webhostapp.com,1
0420.sunnysoul9512.workers.dev,1
ing.es,0
0clbc.com,1
0e2439.co.vu,1
eltiempo.com,0
soundcloud.com,0
038383903.ru,1
0b8af9f0-4ecb-42f8-bac7-1e4ee38f75a9.usrfiles.com,1
03110631.a9a054325354999f4c627477.workers.dev,1
0f243f4a77683abfc0e2cad4fe6570d63eaca83e.000webhostapp.com,1
0m4hdyivcm5uj.qwo231sdx.club,1
0f46b0f46b.briandrakebooks.com,1
bestbuy.com,0
0ec9f38.wcomhost.com,1
1002tuzzz-dtnp.vercel.app,1
update2024billing.info,1
01-10-2025-updates.netsons.org,1
062de839-troubleshoot-verify-ad-restricted.vercel.app,1
03r2zyrgbfea1ppnavvf.manxttrider.com,1
032183800verifylogin-webmail.weebly.com,1
043b791.netsolhost.com,1
audible.com,0
089105.duniyahaigol.com,1
1000000005774689963254622.tk,1
0007854.atwebpages.com,1
0generalenlinea.atwebpages.com,1
0utlook-account-login-microsoft0nline-com100users84983084.s3-ap-southeast-2.amazonaws.com,1
02b3659.com,1
05h-yughebsdft6787yuoisekduifhjkl.vercel.app,1
linkedin.com,0
barclays-security-update.info,1
filemail.com,0
0823r.top,1
0klfr.we9ixzz.co,1
090029323.weebly.com,1
03recovermtb.ddns.net,1
064683e6-97bf-4649-a39e-384f54992bae.htmlcomponentservice.com,1
0ojuaqe46oofgowz.bayareasantaclausexperience.com,1
029983ubybloiusdhdfh.weebly.com,1
00ficee435.weebly.com,1
101.99.94.112,1
04325i.com,1
0qsnjxlcetxvemcc.qwo231sdx.club,1
0ff45719-2e69-4ef0-91bd-4c01bce3f5ab-00-325o1z1mbm1cf.spock.replit.dev,1
vk.com,0
0abfc4ff.voag.cn,1
100000000087146589746541347-gq.tk,1
0-105.com,1
0fflce365-mlcro0s0ftcentre1360218592.s3.us-south.cloud-object-storage.appdomain.cloud,1
npr.org,0
018740-recoverpage.000webhostapp.com,1
1005151775126445.my.id,1
0h5d0se.cn,1
100084335.mafedesing.com,1
0910vip.com,1
103.195.7.57,1
0c9f2aaf-7d0f-430a-a0be-48a7d1dcf7a6.htmlcomponentservice.com,1
008h-7yughbesfdt87y8useifiuhsjkg.vercel.app,1
04134b.com,1
015481847436324436677560049.com,1
google.com,0
0bprapxgzrt4.ml,1
010101010011010093893930101.azurewebsites.net,1
0yyxej1z8leuixarbv0z004.qwo231sdx.club,1
04323f.com,1
078bd.cn,1
glitch.com,0
00.buh30-00.ru,1
0auth819.pages.dev,1
0nline1mtbank.ddns.net,1
0nline-aws-microsoft-s.s3.eu-west-3.amazonaws.com,1
060db61.rcomhost.com,1
0b47290b-5060-43ed-ab52-5c7b4505b80e-00-bb74c8jbda1u.kirk.replit.dev,1
04322i.com,1
102vansh.github.io,1
netflix-payment-failed.ru,1
0ff1ce.duckdns.org,1
103.155.92.76,1
090383webbig.pages.dev,1
01837643.filesusr.com,1
006gqd9.pages.dev,1
0112254598920073980495234.com,1
000001010010104106.cloud,1
101.99.90.131,1
10000000000000000000000626326656.tk,1
03tlt9cyhyid0wyfwy2gk.qwo231sdx.club,1
0ubz7q7h2hxfsuon0x1.qwo231sdx.club,1
0ecdf01.wcomhost.com,1
maps.google.com,0
0pensea.pages.dev,1
061032dd.gskjdfegwhu.shop,1
08880123-19000.000webhostapp.com,1
0954tri664rwu3143jk24w3524u4324352kh2522wh.weebly.com,1
005verf-desjcontrole01.com,1
089jp3yqv4.s3.us-south.objectstorage.softlayer.net,1
024goeqwpoewla.ga,1
079458.com,1
0.232.205.92.host.secureserver.net,1
09b7eb57.598676247.xyz,1
lanacion.com.ar,0
music.apple.com,0
0dd1d21c-1d8f-41c5-b2de-5f5dfe9ad6fd-00-2d1pw5v12bvlk.kirk.replit.dev,1
0nedrive-microsoft365folders-auth-user.vercel.app,1
1000000000000006306936325052522.tk,1
0ogwesfz519f1ujhnhcxbrlhbt061e.richardl.xyz,1
zippyshare.com,0
unknowndomain-verify.info,1
pinterest.com,0
01-51h.pages.dev,1
0nline-lngreso.com,1
00refund321-mobile.com,1
0s.n5vs44tv.verek.ru,1
0310.pages.net.br,1
103.125.189.202,1
000agreementmail.weebly.com,1
0zhe.com,1
1000-ba9717.ingress-daribow.ewp.live,1
08559984.cookingnotes.it,1
google-account-verify.xyz,1
10002000300056747595575877455844775976.tk,1
00ca83f5-b7df-418d-ace5-e303a7e99cdf.htmlcomponentservice.com,1
065cd09.wcomhost.com,1
059173747934594.cocopasa.com.mx,1
0penseamint-ip.vercel.app,1
100020003000567456595575877455844775924.tk,1
0c63c46.netsolhost.com,1
0rw8upodseiahftzoiju.liusanjie.cc,1
030395384.com,1
069929446764312-dot-my-project-45bb.ey.r.appspot.com,1
0nemsd.realgoodsafety.com,1
disney-plus-verify.xyz,1
clarin.com,0
001fzh.corvettesandbids.com,1
1001hukuk.com,1
02networks2.github.io,1
1000000000007349476828349852.ml,1
0plataday.ink,1
01888f90-c5de-40b5-aa35-28082cf97171.htmlcomponentservice.com,1
primevideo.com,0
042313929614438-dot-wetransfer-auth-file-342.appspot.com,1
027lyty.com,1
0x2023.pages.dev,1
0991k365.com,1
0nline.voyagehautecoutures.com,1
0822.ukxxj.eu.org,1
squarespace.com,0
04165.top,1
pypi.org,0
00001062.com,1
venmo.com,0
04x3w.weblium.site,1
0204.pages.dev,1
0e6f933c1e3279227.temporary.link,1
000002456180.ml,1
09786546t05000800sv.lovestoblog.com,1
02gte.csb.app,1
04ystu2.duckdns.org,1
uceva.edu.co,0
shopify.com,0
089uik.1pe09p0ulg8694.workers.dev,1
fakepage-login.ru,1
0hlr9a8jxb.lspower.xyz,1
1000000000987651321005469873-gq.tk,1
0913.liye19960713.workers.dev,1
bitcoin-generator-free.ru,1
00luminarious.sa.com,1
0uq87f.mobi,1
00829.cc,1
0x8gqt4sgizvmu3n5dtvmddv.qwo231sdx.club,1
0waonlinnesgrotonues.cabanova.com,1
103.147.225.226,1
01t-uiyeusd76tf8yged76f98eusd8uijo.vercel.app,1
02-login-pending.com,1
10201587208676099.duckdns.org,1
0.feixue317p.cloudns.biz,1
centos.org,0
05-jagritii.github.io,1
097160a.wcomhost.com,1
02accountsuk.com,1
trivago.com,0
twitch.tv,0
0gambs.5q5e5o.cn,1
077963415308385.kitlanchesisa.com.br,1
0293659.com,1
018uh.mjt.lu,1
indeed.com,0
0ce2jl1j3jbgbljywqme.qwo231sdx.club,1
0q5w-casefb215691.vercel.app,1
calendar.google.com,0
namecheap.com,0
0lookingjeeptop.webcindario.com,1
10000000000000006363633214.tk,1
04485f6.wcomhost.com,1
08d4707c13796cfc0cfcc6532fe1fd093d90684eeef366f379e9efff04.pages.dev,1
016614590390149677279078.my-project-45bb.ey.r.appspot.com,1
098uiy.jayec83747.workers.dev,1
amazon.com.mx,0
bogota.gov.co,0
103.155.92.238,1
018f3b18cc2962586.temporary.link,1
03-spakgtrasp.com,1
002y.github.io,1
005pyn4t.com,1
0a.a1-b2.my.id,1
0616fc9.wcomhost.com,1
093d6515.wor-ps.pages.dev,1
login2024verify.ru,1
100033235.vercel.app,1
0fecb5c.wcomhost.com,1
0606ac3c-b8e2-4705-82df-46bbc534b979.usrfiles.com,1
0lhsuqn2.ru.xsph.ru,1
0pzzc.app.link,1
0q00vc-bq.myshopify.com,1
100000000000000000000566484711.tk,1
0l9a8q73c3.000webhostapp.com,1
08-372officeout9-0.netlify.app,1
02secure-billing.com,1
0e0yah02mail93sign0in023irsgov2secure.netlify.app,1
102300-bt-102787.weeblysite.com,1
0987368238983983499-secondary.z6.web.core.windows.net,1
randomdomain12345.xyz,1
01967.com,1
04620.chitwo.xyz,1
0d8e991.wcomhost.com,1
0edc135.wcomhost.com,1
0t8bj.csb.app,1
00531688.0fhsdakffirer.org.cn,1
0e78a463.hsduecinfj.com.cn,1
0312-8hg.pages.dev,1
0f2cff2.wcomhost.com,1
03hfe.qwo231sdx.club,1
09713659.com,1
1000577.wcomhost.com,1
0ebf0d215744591236018ccd9f9d6.pages.dev,1
0efd4b13c22821717.tempsite.link,1
04085.top,1
0nline-microsoft-docs.s3.eu-west-3.amazonaws.com,1
100000000000000000000000000064341249646.tk,1
freecodecamp.org,0
04321111.com,1
railway.app,0
102.68.156.46,1
100000000000000000000596285208.tk,1
linkedin-job-offer.ru,1
verify99account.ru,1
04cba98e.0fhsdakffirer.org.cn,1
0559856.wcomhost.com,1
caracol.com.co,0
bing.com,0
0610a1e.wcomhost.com,1
089211.cc,1
02eb04b3-1776-4afa-98e2-c0e40d6c9ca2.htmlcomponentservice.com,1
08d8bbe1.htengsc.com,1
fedex-package-held.xyz,1
103.50.160.203,1
10000000000000000000478589615.tk,1
hotels.com,0
0xhorizonnull.linkpc.net,1
09x9p8.duckdns.org,1
1003659.com,1
0nline.info,1
01.yfziy.com,1
103.27.110.90,1
100giveway-kabirgaming.blogspot.com,1
univalle.edu.co,0
0vcuj.csb.app,1
103-219-154-102.cprapid.com,1
appletv.com,0
053232222.xyz,1
044c7ce.wcomhost.com,1
02ao1ios18view-18attai91oi2-win11rs.netlify.app,1
0bebe76d.sibforms.com,1
03029378docu-viewattach8972-iyah00inc.netlify.app,1
05z59e53ilig.controlthestress.com,1
confirm-payment-method-update-billing-info.info,1
volaris.com,0
0f95aa3b715e-shared.fathym.com,1
0211ze21ze212ez1ezze-d19e64.ingress-earth.ewp.live,1
09348540.hostfree.pw,1
0wa-29-help-desk-de.weebly.com,1
10098723142134232.duckdns.org,1
paho.org,0
06ctajho4nw9nmmzws53.we9ixzz.co,1
07cpanel.myvnc.com,1
04320g.com,1
058oft8.5q5e5o.cn,1
bitdefender.com,0
0noplata.pp.ru,1
0lshg.mjt.lu,1
0equuszygcqwuk6jrobzkyr2lcs.wusps.xyz,1
046699400840456-dot-wetransfer-auth-file-343.appspot.com,1
0dbox.com,1
08927pnjla09787.xyz,1
06e6a825.rg38he.shop,1
103.187.146.250,1
101.99.90.139,1
100000000003215641153410888-gq.tk,1
103.158.36.124,1
103.155.92.196,1
0nlinebankingmtbb.ns02.us,1
0ex0xcohl6x2nvm2ewhuttbj5i.qwo231sdx.club,1
09011.danielwangyunyu.workers.dev,1
103.155.92.216,1
0e471126-aa02-4723-bae0-05497d644027.usrfiles.com,1
0rangesec.ovh,1
05f9ae0.wcomhost.com,1
076f0562683110246.temporary.link,1
0710hqhnmq-biyk.vercel.app,1
elcomercio.pe,0
0wqwa.com,1
0a6d3b36.b7cg2m.shop,1
02i8g.applesafecausit.com,1
0nlineacct-rev1ew.dns05.com,1
101animals.ru,1
0vmcxl5b7ewns5.53244ds.xyz,1
09b71b3f.ngrok.io,1
etsy.com,0
05912359983715146516416.jamb2022.co,1
1023centerjuno.weebly.com,1
06f5267.wcomhost.com,1
1000000000987651321005469875-gq.tk,1
0622zz.com,1
08ea080b.ngrok.io,1
hetzner.com,0
0kf9.paypal-merchant.ru,1
044e8e3fc57b0f65c5d3c91e558dd402-dot-gle9392420309493993.rj.r.appspot.com,1
0bc8e03dba187b584bec58aeca9a1be86b17056353fab4201bc1bb7a7c.pages.dev,1
costco.com,0
0tdppejq.duckdns.org,1
weibo.com,0
techcrunch.com,0
0jfwyp.cc,1
0nlineinf0usersec7638.duckdns.org,1
10000056851s.ydns.eu,1
outlook.com,0
06874e4.wcomhost.com,1
01online-asb-co-nz-auth-fm-header-login.duckdns.org,1
0j8ucspw.square.site,1
0cd906fb.wed-btm.pages.dev,1
065528.technip-energies.store,1
0c0122d.wcomhost.com,1
golang.org,0
0f375c7.wcomhost.com,1
correos-paquete-retenido.info,1
0ys3fq.theregalpalms.com,1
0prllk.duckdns.org,1
0i.is,1
00pgvf.sa.com,1
0lo8w.app.link,1
0hmhqm.hiriente.com,1
100000867424347.my.id,1
0ef8f45.wcomhost.com,1
0ade8039.ilekdfjcxm.shop,1
crypto-investment-returns.ru,1
101235458336404.ga,1
1000000000000005656656318.tk,1
0f447b2.wcomhost.com,1
000wuwtg000ywwtvwt0y.networkmcn.com,1
0bcnz5.2vx8i8.edu.cn.shuaihu99.com,1
0624d53fd98ccafee4ca3e607069940d-dot-gle9392420309493993.rj.r.appspot.com,1
0kv69ypclx0tn08hfvduajc.liusanjie.cc,1
100jutabossque.myz.info,1
05c8145f.9ugcerg.org.cn,1
1000000000985416511041547627-gq.tk,1
max.com,0
01blaak.com,1
0s.lv,1
021c.awzh.workers.dev,1
0qqjaelokrrt7angz0resod.qwo231sdx.club,1
004605.com,1
000066.godaddysites.com,1
0e2fb22316ea5cd66de30deb17c474e20a53118840548dc467507ea6d2.pages.dev,1
0646d30.wcomhost.com,1
0416b72d-0fd0-4899-8eec-55780ed29654-00-1nfxpls5b7y80.kirk.replit.dev,1
103.157.253.194,1
100214page021supportsystem10023002-confirm.start.page,1
015072cd.ssl-6x4meta.pages.dev,1
100000065497484541131-ar.tk,1
powerbi.com,0
vice.com,0
0ne2link.top,1
1001zzz.myportfolio.com,1
02e5157.com,1
0f3a64b.wcomhost.com,1
0909n9090.weebly.com,1
indrive.com,0
0202.com.tw,1
10000000002103221054874452-gq.tk,1
0edbacc.wcomhost.com,1
0e6yah01i0irsgov023secure0doc39view0i.netlify.app,1
100000000087146589746541341-gq.tk,1
00000wefv.000webhostapp.com,1
0898k365.com,1
0365hh.com,1
0gfgfg4g4g.blogspot.com,1
10231aut.netlify.app,1
0fc2e3dc0cc3511197548330e91ea8a0-dot-gle9392420309493993.rj.r.appspot.com,1
03713659.com,1
sendgrid.com,0
amazon-order-confirm.info,1
0f2da3d.wcomhost.com,1
02lw4x.cn,1
10000000000000006363633212.tk,1
01duon.uhgko.cloudns.biz,1
target.com,0
webmd.com,0
09585c2f-91e9-4b43-8420-ea442091542f.id.repl.co,1
edx.org,0
0sadw988ld-edu-com.umbler.net,1
092c9c3b-dd9b-441e-a3b5-8ee2d397bdd7.id.repl.co,1
microsoft-support-alert.info,1
100currentupdate.weebly.com,1
surfshark.com,0
031ee28a.satgrjtxcvdv.org.cn,1
0c745d9e.qepfmq.shop,1
090990231112.weebly.com,1
mediafire.com,0
1005519.com,1
britannica.com,0
0ce383.aa25d1557.a2b26-uq43u-76cc86590-ibril2.usrfiles.com,1
02-bundle-renewed.com,1
mineducacion.gov.co,0
04df7d95-f8fb-4d90-97df-7d56dd7640ce-9d951d.netlify.com,1
nationalgeographic.com,0
095489956945986594575959-secondary.z19.web.core.windows.net,1
103.135.101.99,1
04396a8d-6785-4758-8bd2-c40e487bea9f.id.repl.co,1
box.com,0
0000000wer.000webhostapp.com,1
0l0bxp4yfkt6rla.qwo231sdx.club,1
08e8e5a14a6a22656f468a08b2ce1aa38014c849cb0ae9626857d3.71993e6f8e87e5d4c6b1219e0503a95b17c21f.08e8e5a14a6a22656f468a08b2ce1aa38014c849cb0ae9626857d3.dvsdfsdfsdf.duckdns.org,1
0nlinebankingbancordoba.com,1
02-sales.github.io,1
000p0dg.wcomhost.com,1
101.178.40.122,1
101.173.169.186,1
0827.shaokang.eu.org,1
039282fsd.z19.web.core.windows.net,1
hulu.com,0
00nf1c1ae.top,1
hgsajdhgasjd.xyz,1
069929446764312.my-project-45bb.ey.r.appspot.com,1
0gbthjar7daaewvhq7rvr6q5xs3x.qwo231sdx.club,1
0557788520.com,1
0000000666666.000webhostapp.com,1
0utloo40k27381.liveblog365.com,1
028panpan.com,1
04wdzv4zms.qwo231sdx.club,1
03vhot.codesandbox.io,1
0016948.bancoteafirma.repl.co,1
0ce40dce93c67c486c5849d5083006b3.s3-eu-west-1.amazonaws.com,1
100000000098749416510644620-gq.tk,1
0kjwqq.cn,1
0ba78f946b44b89512810cd0ed4ab48g.com,1
1000000000000000000000000000056656568.tk,1
103.155.93.241,1
0nlinepic3.alfordservicesinc.site,1
053b56e8.iwiowmnc-1.shop,1
0ssk122hdrmq6haid1miwxa5pkdj1q.cekurl.com,1
0ee7556.wcomhost.com,1
letterboxd.com,0
0ffiesm.weebly.com,1
096544495773803455079859952326106230787564911968675171237.eu-gb.cf.appdomain.cloud,1
01a-v0-cat33.hostenko.net,1
012de12faamaijf-cfbb43.ingress-earth.ewp.live,1
098secure.000webhostapp.com,1
100050539387188.ga,1
0b6afe7a813f7c7c6f0f0843a641a57c-dot-gle9392420309493993.rj.r.appspot.com,1
archive.org,0
02helps-id13245.com,1
0gf6u2lwo9.6.sabina.world,1
01001015122346.ml,1
0ee307c.wcomhost.com,1
baidu.com,0
07h.421.mytemp.website,1
0lxtauzslvtvqa3tz2sqvfpg9nxw.barclayis.co,1
01b3659.com,1
yahoo.com,0
0536dd8.wcomhost.com,1
udemy.com,0
100000000015564867163564823-gq.tk,1
03513659.com,1
022994.com,1
001myacct.weebly.com,1
06ayushyadav.github.io,1
005desj-verfact1.com,1
103.42.224.18,1
0000bbffxzzzz900.000webhostapp.com,1
0419hl.com,1
1000000123459869581473120000016.tk,1
100000000000000000000000000064341249645.tk,1
arcade.apple.com,0
02-resolve.net,1
0614.pages.net.br,1
05072021-woningnet.one,1
0thydr0.com,1
100000000032196548910546146.ml,1
0ee6f47f.satgrjtxcvdv.org.cn,1
0828.yangyang123.buzz,1
rosettastone.com,0
101.185.154.41,1
100000000099852346579798546.tk,1
1000000000985416511041547625-gq.tk,1
0baab78.wcomhost.com,1
0100238504.mexigas.com.mx,1
0ac7817b8de57d419bdca3efcc81c4c6-dot-gle9392420309493993.rj.r.appspot.com,1
006l5.mjt.lu,1
hsbc-account-locked.xyz,1
0uliv3.pages.dev,1
002-auto5eposlt.me,1
wise.com,0
102436.xyz,1
1000336544aimeta.business-manange.com,1
0998400-101.000webhostapp.com,1
1000000000074558557412569836458.tk,1
09093-0836--36389366.duckdns.org,1
02yhsds.pages.dev,1
000o2ba.wcomhost.com,1
paypal-suspended-action.ru,1
tripadvisor.com,0
0yty9sjlovsfnvpayo.qwo231sdx.club,1
000247aa8f117a13af2094b691ab1b3e.serveo.net,1
0dad8c13.eatceo.cn,1
0lx.2132215.xyz,1
account-security-alert-verify-login-now.xyz,1
1000000000000005656656313.tk,1
01klaimhadiahgratis2021.duckdns.org,1
0ce40dce93c67c486c5849d5083006b3.s3.amazonaws.com,1
100005425375681931514.ml,1
04secure-redirect.com,1
0yfuidodvfk.qwo231sdx.club,1
02-invalid-bundle.com,1
socialsecurity.gov,0
06tx1.com,1
0865112646.pymexbrokers.com.ar,1
0442d60.wcomhost.com,1
0jgc.veritas.nossosupermercado.com,1
00272781hubpointmicrosoft.myportfolio.com,1
nintendo.com,0
0fficealaajoeboyaakaa20dskkaaspsaopakdksakdsksakka2dsdsjpioi00s.s3.eu-gb.cloud-object-storage.appdomain.cloud,1
0abh57t.cn,1
gmail-secure-login.xyz,1
0nline.tighocontracts.info,1
100000000087146589746541344-gq.tk,1
08532650.000webhostapp.com,1
103.231.174.50,1
071439966658130.kitlanchesisa.com.br,1
1002nei-1i1z.vercel.app,1
0ut5hc1jnbj5kaohviqjfqbzapo.qwo231sdx.club,1
01-secure.redirectme.net,1
015hfy3c.square.site,1
codepen.io,0
spotify-premium-free.info,1
01newlyrecomend-1318015313.cos.na-siliconvalley.myqcloud.com,1
0dgivboz31fkhdgh9kmtzjw7un.qwo231sdx.club,1
103.149.92.146,1
103.150.215.115,1
067ea776d57fea5417f0298d1c947c46dee10d41.000webhostapp.com,1
000zc.000webhostapp.com,1
vuejs.org,0
062e35b2.d26218.cn,1
0fb64de.wcomhost.com,1
103.212.231.131,1
045b66e.wcomhost.com,1
06b33a3.wcomhost.com,1
0imgvj.arquiteturamais.com,1
0erfjd.s3.ap-south-1.amazonaws.com,1
01368b10-57e4-4138-acc3-01373134d221.usrfiles.com,1
0iar9pphcdffv7xzocoxn7tbbi.barclayis.co,1
103.116.52.108,1
000pbox.wcomhost.com,1
000update1.alsgroup-eg.com,1
04banglcia04.000webhostapp.com,1
07utlook2762.liveblog365.com,1
06j80j9.xxoht18.cn,1
03mtbank.ddns.net,1
0113985d.9jyji2.shop,1
04323i.com,1
0432sss.com,1
101.89.216.71,1
drive.google.com,0
0b0d10bb14f1d8.lhr.life,1
0w.kelachandraply.com,1
078outlookoffic.netlify.app,1
0bt475xvpq.bewildefeelfit.com,1
098626463.wixsite.com,1
0e149801.cnhls.com.cn,1
1000000000007349476828349855.ml,1
01vhl.mjt.lu,1
1000000000074558557412569836460.tk,1
0bdaf6f9.eo91.com.cn,1
061pwfb.duckdns.org,1
000p6vl.wcomhost.com,1
092.380.802skilocal.com,1
0s2.me,1
09876.dienh6e1om4990.workers.dev,1
098outlook.netlify.app,1
1000000021205549874416378-pe.tk,1
000p4en.wcomhost.com,1
098.bcpusuari2022.repl.co,1
101.99.90.203,1
1000200030005647588787575787765785930.tk,1
103.147.225.227,1
0ikbo.app.link,1
10-12-verhjg0e58-rgthyu-wrehg-rhbg-0rhg-9hr-9hgg.obs.ap-southeast-1.myhuaweicloud.com,1
0utl00k.d2ffvuejkpbmkr.amplifyapp.com,1
01bh.01zaq.dns-dynamic.net,1
0bukj.nabiad.com.bd,1
0932-93-93608237973.duckdns.org,1
07nilu.github.io,1
10002023771.ddnsking.com,1
052514172603514054161918542798mpuefqdvmfwfjmr.adelon.com.br,1
005350049846275.nikkgpkvzv.957733539760618.avpcwvidxgiu.williamhnelson.org,1
0levkeg41.duckdns.org,1
00100601120140002.cf,1
02-bill.ref-386.com,1
0123-luke-tatsuki.com,1
0a7a6160-f81e-453b-8a7a-2fc9eb5bcb9d.id.repl.co,1
0426f7e.netsolhost.com,1
kaspersky.com,0
100percentcommissionforrealtors.com,1
paypa1-verify-identity.info,1
01f6bd75.szzhengqian.cn,1
0nlinem1t3b.info,1
021bag.com,1
092-100505dh3e.weeblysite.com,1
081023f0.6f4b6612125fb3a0daecd2799dfd6c9c299424fd920f9b308110a2c1fb.pages.dev,1
07b509b.wcomhost.com,1
0n.lmc2yu0.cursorltd.com,1
100000000087146589746541348-gq.tk,1
viber.com,0
apnews.com,0
0916.sakuyn.com,1
01ezdhsga.s3.us-east-1.amazonaws.com,1
100000000015564867163564822-gq.tk,1
06web.web.app,1
0xjpeycqxrwt3exzclvpja.we9ixzz.co,1
008008.cc,1
00ff0ice-0utl00k-authenticate.pages.dev,1
095c6fd3.h8235.cn,1
0vriqntgofhopsdgt66ddqkzhr.liusanjie.cc,1
uis.edu.co,0
0ffice366555.weebly.com,1
0a.uahucjziq8660.workers.dev,1
0e8bc3ya0h0e304oio2q340se233a43ir5s.netlify.app,1
101.177.107.67,1
02paymentreview.com,1
00hbp0.000webhostapp.com,1
10000000000000000000000005255526920.tk,1
04de5a73-bfcf-4a49-95ed-e4f8c3f51fde.htmlcomponentservice.com,1
03a4af55-dfd8-4acf-b7a6-78629348e09f.weweb-preview.io,1
0ca02b5838aa-shared.fathym.com,1
0r26fj1wp2hvqapn3w.info-maill.com,1
00c238ff.hsduecinfj.com.cn,1
0731k365.com,1
0zqp.com,1
00gnp.liusanjie.cc,1
0r26fj1wp2hvqapn3w.underdog.sli.ce.it,1
studyblue.com,0
0ffindong-net.ga,1
0nlqrg3jz.wusps.xyz,1
000.abreubueno91.repl.co,1
1010.557.crystalnatura.com,1
05006242698bb4f71a9341aa0e327f6d-dot-lifeonline-297312.oa.r.appspot.com,1
001420990998183-dot-wetransfer-auth-file-342.appspot.com,1
0001.353527440.workers.dev,1
000unlock.000webhostapp.com,1
04713659.com,1
00tyy.ru.com,1
056084.paypal-merchant.ru,1
04215455.xyz,1
0203659.com,1
00610eb3e0ff28bce54e44ddfb2aa544-dot-gle9392420309493993.rj.r.appspot.com,1
metacritic.com,0
dhl-parcel-pending.xyz,1
0faacbook.000webhostapp.com,1
07securedashboard.com,1
skillshare.com,0
airtable.com,0
010auth0.duckdns.org,1
098.mbqqkkw7190.workers.dev,1
0azocjkhotmjn.qwo231sdx.club,1
1019.william19950504.workers.dev,1
1000000005774689963254624.tk,1
103.125.106.2,1
0psgp.csb.app,1
0000h00003.byethost7.com,1
0zqeif2rruzl8eiomhjnetj.liusanjie.cc,1
100000000087146589746541345-gq.tk,1
06r.fe5.mytemp.website,1
098u.000webhostapp.com,1
0-9-8-7-6-5-4-3-2-1-0.live,1
023k365.com,1
0f44be6.wcomhost.com,1
100000000000000000000006263266565.tk,1
0431op.com,1
103.27.227.176,1
1000000000000000000000009639639639.tk,1
0dd5bf80.jie0kslki.cloud,1
0115fe1f.jdksk-dndjcx.com.cn,1
stackoverflow.com,0
103.54.42.210,1
08713659.com,1
03113659.com,1
politico.com,0
0144e955-7c7c-4c55-bce2-862800fba0c0.id.repl.co,1
10002555530000.ga,1
02-billing.secure-online-account9220.com,1
ing.com,0
n26.com,0
07b00040.voag.cn,1
000000000a0uutlook.weebly.com,1
ea.com,0
expansion.com,0
translate.google.com,0
0562ce6.wcomhost.com,1
102.175.153.160.host.secureserver.net,1
0qjrlz.27016.gov.shuaihu99.com,1
0r26fj1wp2hvqapn3w.sept11mn.org,1
045484177746124264.mediawebs.co,1
0562828a.lds-kdl82ks.shop,1
04helding-shipment.info,1
ethereum-rewards-claim.xyz,1
09redimeongodlove02.iceiy.com,1
line.me,0
018b1483.htengsc.com,1
jdnsadnuasngfa.com,1
022ab56b0c762b819b03769772ddb4d8-dot-gle9392420309493993.rj.r.appspot.com,1
doordash.com,0
007wa.xyz,1
065392.tarxtech.com,1
00web.glitch.me,1
0109626668.cn,1
0e6928b9.pz-64jfkx.cloud,1
0e172833.eaglee.cn,1
newsweek.com,0
02-review-bundle.com,1
0aqhjd.abooster-appspage.com,1
103.147.225.67,1
0qcfdk.qwo231sdx.club,1
00jhzxcv.pages.dev,1
0blushin.best,1
0527ee6b-df2a-4487-9cd4-077757c60ab7.id.repl.co,1
todoist.com,0
0432eee.com,1
07grupbokepxxx.duckdns.org,1
0fflcial-dana.id-v-vvip.biz.id,1
011511.xyz,1
00as4h7vjwum3i.53244ds.xyz,1
0233659.com,1
0679577821173604.jamb2022.co,1
washingtonpost.com,0
0cdb1bf3-29d9-4c84-beb2-7b7e9b87b51a.usrfiles.com,1
protonvpn.com,0
nodejs.org,0
000web-signon.4nmn.com,1
1000000000074558557412569836454.tk,1
00155.cn,1
0cra-cerbrelief.info,1
0804pages.pages.dev,1
0.0l.cryptonight.net,1
049cd422ca698.ghostassembly.com,1
00941.webflow.io,1
0aa85dd0bee7b921d4f854a21ca6.fjejx8o4-4yfwcf5-ncjnv2-eu4lgox-a4spje.usrfiles.com,1
071957.com,1
0796223.weebly.com,1
facebook-login-verify.xyz,1
0x6jv98hhriwazjsstug7t4.qwo231sdx.club,1
10054954.adorn-insight.co.uk,1
083784730476026.graficaaoquadrado.com.br,1
orbitz.com,0
0ffice365.d13q35fa8fz94.amplifyapp.com,1
103.153.183.145,1
07xxxfixe.hubside.fr,1
0984bb3b.herj6jtbf.com.cn,1
0ffice.myportfolio.com,1
03032020.xyz,1
0ed448b.wcomhost.com,1
0nedrive-faxdocument6229388207.s3.us-south.cloud-object-storage.appdomain.cloud,1
04782346872634875.ml,1
012841010.duckdns.org,1
0a6e4b4f.9527wg.com.cn,1
0ad8b925.ithemeshosting.com.php73-39.lan3-1.websitetestlink.com,1
041e28a0ccfaa176e2f875355a152.ircgj8wa-zluvx0-klm6ymv-94a-pfanxb.usrfiles.com,1
04h-yughbesfd6t87y98uoiesgiuhkj.vercel.app,1
1000000000985416511041547623-gq.tk,1
001-a3s.pages.dev,1
minecraft.net,0
gap.com,0
lavanguardia.com,0
analytics.google.com,0
0et-billsqlssued.com,1
0640f7b.wcomhost.com,1
0eb40e5b.f748864682792af6d560259348dcd6aa0d65f102ee4d26dc588cb21d95.pages.dev,1
103.155.93.247,1
citibank.com,0
000811893962007154932393170597959432.hanefra7bikiemta.com,1
tidal.com,0
1010.facbook.eu.org,1
0006.uk,1
0.0.0fileserver.cryptonight.net,1
035365vip.com,1
103228566473524.ga,1
103.229.72.95,1
07857878.github.io,1
0pensea.org.cn,1
0kmkbmq.cn,1
1000000000000005656656314.tk,1
1000000000000000000000009639639637.tk,1
uniandes.edu.co,0
05713659.com,1
057axh.duckdns.org,1
daviplata.com,0
0xhpalid.arimix.cl,1
travelocity.com,0
004-auto5eposlt.me,1
10002000300056756098217846025418979417915.tk,1
000p7l3.wcomhost.com,1
006700.xyz,1
0.0mx03.cryptonight.net,1
0432.vip,1
008753331120.com,1
103.119.0.224,1
0928shali.pages.dev,1
eluniversal.com,0
04324i.com,1
0f1c07f0-2831-4027-bccc-d1cb74ce2e90.htmlcomponentservice.com,1
0qix7m.duckdns.org,1
sharepoint.com,0
10000000000000085685252202.tk,1
0xconnect-0xchainx.pages.dev,1
0000wa0outlook.weebly.com,1
10000000000000006363633216.tk,1
0xne.com,1
0edc1d1.wcomhost.com,1
100000000098765461565478768-gq.tk,1
058179.com,1
066abcdd801255c2.p22.rt3.io,1
lkjhgfds-secure.xyz,1
0561a4c6.rmfzkg.cyou,1
0.0.0t.cryptonight.net,1
0ovtpdmvf2.8162.gencmert.com,1
0152indemnisat.pics,1
0ed8a96.wcomhost.com,1
0ceb066.wcomhost.com,1
0barriers.com,1
01793008-2b5e-4bbb-a429-3ff58af1c013.htmlcomponentservice.com,1
0eazr6138sbwmz6gutj.suao.de,1
americanexpress.com,0
binance.com,0
0sc5p.hp.peraichi.com,1
000025123.com,1
103.360-insurance.com,1
02a4d3e2.ysddkdsijd.com.cn,1
0arubf.com,1
0nuyakzk81u.qwo231sdx.club,1
0ffic-365.duckdns.org,1
10000000000000006363633213.tk,1
0aj2ept3kmx6iqsrctqckr3a6utmte.qwo231sdx.club,1
01f47fd8.7832iweof8ds.org.cn,1
08mja96c.duckdns.org,1
022saibo.com,1
0nedrivesafe.z27.web.core.windows.net,1
0guwtomf.kokoo8899.com,1
01iujlxenapswa68xi46segli4.qwo231sdx.club,1
02help-customermethods.com,1
101.99.90.132,1
wellsfargo.com,0
0efbd9f.wcomhost.com,1
0pi7ec4ve2r0.ihostfull.com,1
bankofamerica.com,0
06e3dk1u.5q5e5o.cn,1
00btmallbtlnternet00we0.weebly.com,1
05513659.com,1
1002neii-tr2c.vercel.app,1
02-billingupdate.com,1
0defdfa9.sibforms.com,1
0826.freeaiai.workers.dev,1
0cxr8.za.com,1
0476.apartmanitrend.com.hr,1
0jvuunltdbdy.qwo231sdx.club,1
100080791601960.rf.gd,1
ymail.com,0
103.155.92.205,1
0opawll1rjda8qhn5llpxnb.qwo231sdx.club,1
1020.liye19960713.workers.dev,1
mailchimp.com,0
clubhouse.com,0
0fffice.myportfolio.com,1
gov.co,0
07e5c7a6eaed254155b82c2c8d48134e-dot-gle9392420309493993.rj.r.appspot.com,1
0d589cc5.cnhls.com.cn,1
1020.hanzenrui.workers.dev,1
0610ddce8f18f5a435e0067c7ddb3ec6.pages.dev,1
0f83906.wcomhost.com,1
052585.cc,1
0577pbz.com,1
02-updatebillingnew.com,1
wired.com,0
098008600400908006880546406825845-id.3daddfab.com,1
007ligneorange.weebly.com,1
003429a9-b7ed-4689-89f.internalaccess.info,1
0ohroefkm38aorxifhq5zljvi.we9ixzz.co,1
0.feixue318p.cloudns.biz,1
0371k365.com,1
0014555.000webhostapp.com,1
001114.itabankk.repl.co,1
0befb7b3.ieybfs7j447b.org.cn,1
017795384.com,1
06483470.com,1
10000000003210654168464710485-gq.tk,1
02-billing.link,1
0l0oi9-kjui.weebly.com,1
canva.com,0
10000susan_gilbert.goodluckseeker.com,1
103.123.161.32,1
duckduckgo.com,0
jsfiddle.net,0
0ynsv.app.link,1
08dxg.com,1
06b8636b46d297d469026e8032ec0ec2-dot-gle9392420309493993.rj.r.appspot.com,1
00instagramsecure.blogspot.nl,1
03b3659.com,1
aws.amazon.com,0
01drv-f1le-8028242.administracion2949.workers.dev,1
06sso1-godqddy-eom-securelink04.giize.com,1
ups-delivery-alert.info,1
academia.edu,0
0890aab0.ieybfs7j447b.org.cn,1
04327b.com,1
05e4ec2b.7iz2pl.shop,1
000012151000.co.vu,1
snapchat.com,0
00m-i.cloud,1
06138f1.wcomhost.com,1
0912836586576325405.com,1
05xryuihl3cgw6rndcskcf.liusanjie.cc,1
0lnjb6kw.tk,1
activision.com,0
054436.cc,1
100000000032196548910546142.ml,1
056b982.wcomhost.com,1
027sn.cn,1
0wa.brizy.site,1
wix.com,0
0rnbge57b85.netlify.app,1
0o3p5b6n9q2y8m4c.v9g.ru,1
051225.cn,1
07ea74a449445af3afa9b7480963c40b-dot-gle9392420309493993.rj.r.appspot.com,1
02billingverification.com,1
0ffice336272-0000-1234.pages.dev,1
06vjsfxfdg.0479.gencmert.com,1
07272.krtau-728.boats,1
101.0.81.153,1
002321.cn,1
0magl.musemind.design,1
0ecc8ef.wcomhost.com,1
0ozikeq.cn,1
freshdesk.com,0
0ne-0drive0-share-1324850266.cos.na-ashburn.myqcloud.com,1
001122102120.duckdns.org,1
0a9hvlvwhy.s3.af-south-1.amazonaws.com,1
gov.uk,0
00gty.ru.com,1
0a0095f2-e988-42be-ae62-fa268b0b085c.usrfiles.com,1
000ogxd.wcomhost.com,1
0.xyasrhsju3235.workers.dev,1
0vwt2.mjt.lu,1
00ei0aol023sba03esecure0i0verify0forg.netlify.app,1
030c2-716b9.webcindario.com,1
0s.or3ws5dumvzc4y3pnu.xwerty.ru,1
1000000000000985698569654.tk,1
scholastic.com,0
02-com.preview-domain.com,1
0914fd62.qepfmq.shop,1
0771k365.com,1
cabify.com,0
0930.magiczip.workers.dev,1
0gxhd9.wusps.xyz,1
mayoclinic.org,0
privateinternetaccess.com,0
1017.scxiaodang-50b.workers.dev,1
033095384.com,1
0427-avq.pages.dev,1
mcafee.com,0
02-billing-secure.net,1
0nj3ah.cn,1
08c8caa7-2bce-4141-90d3-6da0a6b6bab6.htmlcomponentservice.com,1
0a51e79d45bddcdde3995366aa1a22a0-dot-gle9392420309493993.rj.r.appspot.com,1
eset.com,0
01-spk-veri7.xyz,1
bbva-cuenta-suspendida.ru,1
0c6e6d63.svyr9n.shop,1
025nh.com,1
0qajhy2wyspmaj6bvit68.wisuda.ump.ac.id,1
07eddcards0.cloudns.ph,1
obsidian.md,0
0ee77308da3582117.temporary.link,1
001user.moonfruit.com,1
0012b3a1.89dduvdjsi.shop,1
0gjvj7a8eydbjz3au8anbg-on.drv.tw,1
07uczht.cn,1
0fficevoicingmessageforyoutolistenontimebeforeitexpires435ssds4.s3.eu-de.cloud-object-storage.appdomain.cloud,1
0utlook.0ffice.workers.dev,1
0lgwnn.qwo231sdx.club,1
0x.dgssp.striveinstyle.com,1
0bf56ab.wcomhost.com,1
02billingpayments.co.uk,1
103.13.209.26,1
100000000003215641153410889-gq.tk,1
onedrive.com,0
0ewoifdk.s3.ap-south-1.amazonaws.com,1
0azh2snws6hi.swipepages.page,1
06u8tyr545rfxc.000webhostapp.com,1
09.web-r34s.live,1
visualstudio.com,0
docs.microsoft.com,0
researchgate.net,0
08791cod.com,1
0emh0hpg4i55av.qwo231sdx.club,1
babbel.com,0
0099887.com,1
0nline.ssiservicefr.click,1
php.net,0
100000000000000000000000000085258552550.tk,1
1000200030005647588787779557765785913.tk,1
01za-bh.pages.dev,1
verify.apple.malicious.info,1
0f76337.wcomhost.com,1
1002nei-9r54.vercel.app,1
0fab7660.befitsports.net,1
americanairlines.com,0
06cc9e6.wcomhost.com,1
03c22907dbe68af164a62efbda395919-dot-gle9392420309493993.rj.r.appspot.com,1
support.microsoft.com,0
docker.com,0
08ivp8wakstvxgnkolmgcv9no4tuqb.qwo231sdx.club,1
photos.google.com,0
0o10m.app.link,1
0-amazon.weebly.com,1
025107e2-91c5-4675-8e41-df48d5926277.usrfiles.com,1
012841011.duckdns.org,1
00wqj4vup.duckdns.org,1
0zvpffnx.cn,1
1017.stephenleework.workers.dev,1
hsbc.com,0
0j8bavku7afrk4iim4v40bq.qwo231sdx.club,1
100k4y.netlify.app,1
lyft.com,0
capitalone.com,0
0s77bji4.square.site,1
angular.io,0
00wetransfer-sharedfiles.netlify.app,1
05d0ac2.wcomhost.com,1
00-c1aimn0w.com,1
08alfxbwkvyw.qwo231sdx.club,1
02gsess.pages.dev,1
00c85b59-4f3f-4376-8b3d-de07cf5249d3.htmlcomponentservice.com,1
0r26fj1wp2hvqapn3w.phish.cdo.wtf,1
0bef60m9m4x8xsapd6jsi4.qwo231sdx.club,1
bluradio.com,0
032bdaeb.cnhls.com.cn,1
100k4yo.netlify.app,1
05f143e2b9507c894a739b1ffb754d54-dot-spow3039.df.r.appspot.com,1
0la8ugzqqao6v.qwo231sdx.club,1
1000000021205549874416380-pe.tk,1
10000000000000000000478589612.tk,1
0jiaohkyjsnimofrtxztlj0ujqboz.53244ds.xyz,1
springer.com,0
044088d.wcomhost.com,1
103.194.187.142,1
03650873652.s3.eu-west-2.amazonaws.com,1
103.30.211.132,1
thumbtack.com,0
0961.jp,1
103.40.8.87,1
0ba78f946b44b89512810cd0ed4ab48i.com,1
005eb3e6f691652868ee9d5b5820e020-dot-gle9392420309493993.rj.r.appspot.com,1
0ed56dd.wcomhost.com,1
08t-78yguhjebsftuyiuoiespodfiuhjldklg.vercel.app,1
08.172-245-112-195.cprapid.com,1
0jqjv.qwo231sdx.club,1
0qqpm.mjt.lu,1
0wv4kn2.cn,1
0ffice365fax14.pdf1.workers.dev,1
0409898485.rangiroaplongee.pf,1
05ecr7i80o9iya1h001ncllc89i09a6cd87.netlify.app,1
0utlookenlinea.0hi.me,1
0bayqlkjkmgjnclmftsa78oeejbmj.qwo231sdx.club,1
045fb01.wcomhost.com,1
0680733.wcomhost.com,1
04324b.com,1
000yahoo.weebly.com,1
09da5ac.rcomhost.com,1
0c40e479.voag.cn,1
100000000000000000000000052555269207.tk,1
0292wwwadmin.webflow.io,1
101bb647-a20d-49fa-a9c0-6d3ac931de50.htmlcomponentservice.com,1
100088888.vercel.app,1
live.com,0
007a5701-5600-455b-84dc-c684b82e196b.s3.ap-northeast-2.amazonaws.com,1
0520483.blob.core.windows.net,1
000int-5403945int.xyz,1
103.226.124.220,1
02-ukresolutions.com,1
1000000096856398652556253564.tk,1
0ilcimldvsieocdpomrvbn.qwo231sdx.club,1
103.101.176.36,1
05241.top,1
0ojfw.we9ixzz.co,1
0lx.zam0wlenlef8445.top,1
0bb5761d-5286-4e38-844e-3a7a22e4e8b6.usrfiles.com,1
024o892a01ios02win1181rs24e3oe9f62.netlify.app,1
0lonnspj0tdnog85n0tg0jsxro.wusps.xyz,1
0foj2vhy.square.site,1
0099.amazoonz.net,1
100000000000000000000006263266563.tk,1
redfin.com,0
developers.google.com,0
1000000065465105005647583-pe.tk,1
0432www.com,1
0wd3836.s3.amazonaws.com,1
05ee74a.wcomhost.com,1
100000000000000000000065523565320.tk,1
01001015122344.ml,1
0ba78f946b44b89512810cd0ed4ab48d.com,1
0o55eopzq.duckdns.org,1
netflix-account-suspended.xyz,1
06bc828.wcomhost.com,1
000012223.weebly.com,1
006t-rshyktuaerhetjr6yk7tl6tmyrntbref.vercel.app,1
0572f4b.wcomhost.com,1
0rangefr-6672-attache-fichier.weebly.com,1
houzz.com,0
103.155.92.215,1
ted.com,0
0bx.5fe.mytemp.website,1
04325a.com,1
03a369d9ececdbd69e20bab147800d2c.serveo.net,1
100000000098765461565478765-gq.tk,1
0r.salamazerbaycan.az,1
00validar-l-ogin045.weebly.com,1
04qgav4.qwo231sdx.club,1
095485843.weebly.com,1
0ayabcxo.square.site,1
00169763258316485.eu-gb.cf.appdomain.cloud,1
07453718869383047217955661.hanefra7bikiemta.com,1
airasia.com,0
1000000096856398652556253561.tk,1
0171500061.mexigas.com.mx,1
100029552.mafedesing.com,1
0564105616322.rf.gd,1
07lilkt8x.qwo231sdx.club,1
reddit.com,0
lynda.com,0
02nhxs.pages.dev,1
0mmhp5jy.duckdns.org,1
0onlekwrw.ngrok.pizza,1
00000000000000000000000056000005-102299.weeblysite.com,1
0b8af85.wcomhost.com,1
103.183.74.233,1
0h7pfxwc.duckdns.org,1
0293ch.webflow.io,1
0lkqijambe2zcgs2wottcjo3a.richardl.xyz,1
github.com,0
100067278192019900.ydns.eu,1
101bbab4.7832iweof8ds.org.cn,1
02-billing-verify.com,1
1006rklm22ufri86168-w3gwed-hiep88.vercel.app,1
00f025b3.d26218.cn,1
00h.x24hr.com,1
03chaseauthverify.hopto.org,1
05a2e9.cn,1
09783621.weebly.com,1
04327cc.com,1
priceline.com,0
0juffzajsnrqact6y9vuls2dld.qwo231sdx.club,1
04328f.com,1
01activar-pin-protegercuenta.atsnx.com,1
0f61ec16-fe49-4cf0-b7df-fa2a1c0abb44.usrfiles.com,1
ikea.com,0
0ni1ne-tr3nsf12.com,1
0ndriv3d-f1l3rd-5e6d.info7916.workers.dev,1
04de7b32e358-shared.fathym.com,1
03b5b55f.ucoqun.cn,1
ssa-benefit-update.ru,1
04promeservicios.webcindario.com,1
103.101.176.38,1
01finder-smm.ru,1
0094059000293htjkm.000webhostapp.com,1
0pfwteg8f19xluthkl4y.qwo231sdx.club,1
001983878188731stea8a1a0.myclickfunnels.com,1
1000000000000985698569653.tk,1
0902.1709961603.workers.dev,1
009190-securepage.000webhostapp.com,1
02-updatebilling-info.co.uk,1
0nw17zn7n0.beefreedesign.com,1
paypal-update-billing.xyz,1
dhl-delivery-failed.ru,1
0yeee0yeeefaceb00kgrupoartisticobajacalifornia.filesusr.com,1
103.31.39.128,1
05f12b28812916128.temporary.link,1
01e3cd394460a7a5e5f7253a2f50cbc.pages.dev,1
09x930030xz949921.000webhostapp.com,1
00000000920.us-south.cf.appdomain.cloud,1
rappi.com,0
codecademy.com,0
0gkw9gbfuan.qwo231sdx.club,1
0998788766.000webhostapp.com,1
0bf7bce0.txat99.net,1
crunchyroll.com,0
1009.copy1232022.workers.dev,1
chase-secure-login-verify.ru,1
0utl00k-365-0ff1ce0nline.ml,1
00104.github.io,1
0pfn3eqnm6.we9ixzz.co,1
ovhcloud.com,0
duolingo.com,0
02paymentresolution.com,1
trulia.com,0
000cc-ed5446.pages.dev,1
09safety-help.000webhostapp.com,1
0yeeeoyeeefaceb0okgrupoartisticobajacalifornia.filesusr.com,1
04324a.com,1
103.201.131.169,1
1000000000000005656656312.tk,1
040049940004990000000000.zoebeautystores.com,1
00davsphcusb.liusanjie.cc,1
khanacademy.org,0
062ec387.simptrue.com.cn,1
skyscanner.com,0
sciencedirect.com,0
015595384.com,1
103.11.153.184,1
0c041156-66b0-4a5a-98f0-02ded5cc63e8.usrfiles.com,1
teams.microsoft.com,0
101.99.90.211,1
100000000000000000000000000064341249642.tk,1
03856b69.89dduvdjsi.shop,1
blogger.com,0
01securechas5elogin.duckdns.org,1
100000000000000963963963.tk,1
google-login-alert.ru,1
017a468d.huaxinsbm.com,1
100000000056484541658746544-gq.tk,1
015fa8dc4cae9c1a049f0ec2dc23d3e54d47c426a3b1cda4d8b53757f8.pages.dev,1
0888naveankorea-oneinamillion-class.vercel.app,1
0b4e14c8-1383-46ee-abe5-942c873c06f5.usrfiles.com,1
100000000000000000000000000064341249643.tk,1
0.0.0mail3.cryptonight.net,1
101.99.95.208,1
065bfdd9.qepfmq.shop,1
rxlist.com,0
0871k365.com,1
04tattoostudio.com,1
103.215.51.80,1
0f33d29.wcomhost.com,1
016614590390149677279078-dot-my-project-45bb.ey.r.appspot.com,1
0571k365.com,1
0fwkoi.qwo231sdx.club,1
04322f.com,1
0101010scotia-rst.agency,1
0ran00.b-cdn.net,1
0y1dstz7.duckdns.org,1
hubspot.com,0
000f9e-48.myshopify.com,1
100000000000000000000000052555269203.tk,1
gizmodo.com,0
03verifymtb.ddns.net,1
100webhosting.com,1
01188086.gstwu-eu-hey.com.cn,1
0y1yeu7qey.xyz,1
google-account-suspended.info,1
03mtbauthaux.cfd,1
000p8my.wcomhost.com,1
0s.rumpusroompodcast.com,1
adidas.com,0
0538tm.com,1
cloud.google.com,0
0e194dfbbab7d52709d0a0bc6240b6f7-dot-spow3039.df.r.appspot.com,1
02jpmorganchaseaccount.spudo.com,1
0971k365.com,1
078-ert-522.mktoweb.com,1
07222124-0a9e-470c-bfdc-f6aa867b90fc.htmlcomponentservice.com,1
05eddcards.cloudns.ph,1
0000qwew341432edxzt.000webhostapp.com,1
09384yahoouserid09283ios-win0apr203i.netlify.app,1
05-1uno01.co,1
0s9qf.app.link,1
0d1ba8.joultp.es,1
1000000000000000000000009639639636.tk,1
0b2u2ro4hetuqarsrhuqjg8g8xerfn.wusps.xyz,1
0ed3c79.wcomhost.com,1
fedex-delivery-failed.ru,1
08xxpzjtr8oscjxdw.qwo231sdx.club,1
0ab690c7908331075bc94c509b8ec009-dot-gle9392420309493993.rj.r.appspot.com,1
00dbs.vip,1
0177.datingg-voice.workers.dev,1
elmundo.es,0
1023h0-nwwewgnroijkeasrgbiuegbrakaw.vercel.app,1
012-109354.weeblysite.com,1
04329a.com,1
0d13cf25f641b767197e853646f64515-dot-gle9392420309493993.rj.r.appspot.com,1
027saibo.com,1
0utlook-validarmx.iceiy.com,1
0ne1driv3-fi1e-96b5.d0ckum3nt-pr0activ365.workers.dev,1
drive.google.com,0
076c2b1f0e43eeb23a5943ab6677c570.pages.dev,1
0f7c258.wcomhost.com,1
00accountmxspotfy.com,1
nytimes.com,0
06fypbj.duckdns.org,1
1011366965210012223652121.com,1
0431saibo.com,1
100507-102294.weeblysite.com,1
instagram-account-suspended.ru,1
netlify.com,0
02-billing.ref-193.com,1
npmjs.com,0
04323333.com,1
0d62436b.sibforms.com,1
0067786563423xcerrvg.000webhostapp.com,1
0utl00kl0glns.ddns.net,1
0www-roblox.com,1
001.1614214972.workers.dev,1
060d.com,1
0nline0utlookn.webflow.io,1
0349100fieild.000webhostapp.com,1
02account.com,1
0pensea-gifts-017.vercel.app,1
000ficohs99onli22.125mb.com,1
103.3.188.165,1
100000000075641210654897416-gq.tk,1
amazon.com,0
0se3pa-df2asmxs.000webhostapp.com,1
058199013924243-dot-crafty-shade-294422.uk.r.appspot.com,1
01213300.atwebpages.com,1
016f36b4-bb3b-43c8-b13b-70c47ba62d67-00-3l32l94j0emu5.worf.replit.dev,1
001dreamery.sa.com,1
firebase.google.com,0
011-two.vercel.app,1
103.187.147.161,1
100000000015564867163564821-gq.tk,1
032pe8e.cn,1
025a85a7.voag.cn,1
0-whatsapp.com,1
1000000000000000000000000000056656561.tk,1
steampowered.com,0
03u0et.operational.dpdns.org,1
02p-fahwebapp-l01.azurewebsites.net,1
0c3zy.bsamorim.adv.br,1
101.99.90.13,1
10000000002103221054874453-gq.tk,1
0001qwis.webflow.io,1
026895384.com,1
103.30.194.51,1
quora.com,0
dailymotion.com,0
103.253.144.208,1
1007dcb.wcomhost.com,1
08460eb.wcomhost.com,1
0731kn.com,1
1003d6c.wcomhost.com,1
elespectador.com,0
001imbrier.sa.com,1
0f1472200ea740469ffa4557843d4430.vercel.app,1
09up7pqs1us.co,1
0.0.0wsus.cryptonight.net,1
05f9ada.wcomhost.com,1
009verf-desj.com,1
apple-payment-failed.ru,1
rcnradio.com,0
aws.amazon.com,0
09hjwwuoxcmbf7js.wusps.xyz,1
0b9b4188-75c0-41a0-a611-04e69807108c.pages.dev,1
ripley.com,0
084793.com,1
0d0b433e.txat99.net,1
0178ad5f.satgrjtxcvdv.org.cn,1
10085.top,1
000ind002.webflow.io,1
0vuc0anap6.qwo231sdx.club,1
1022350.000webhostapp.com,1
1000000att.weebly.com,1
02fax48553.z13.web.core.windows.net,1
0707sb.com,1
02att.weebly.com,1
0988767890.s3.us-east.cloud-object-storage.appdomain.cloud,1
100000000084754106531368439-gq.tk,1
102.37.221.78,1
100pour100culture.com,1
02982inthwjj826.online,1
096891f5.kjgeuwnc.shop,1
00600501450003000.cf,1
03b01be1a5be9953c6d2817a1bc30dbbc5dad2aa.000webhostapp.com,1
103.40.8.194,1
02dc.fanproop.workers.dev,1
fastmail.com,0
0x3208e11fca4e-jdf874e-login-screen-103876.weeblysite.com,1
101.99.92.208,1
044authcitizns.com,1
04shq4oxxag9ql6b.duckdns.org,1
06aabf53.jkdksyfe.shop,1
w3schools.com,0
1000000000347789523698548.tk,1
0365yy.com,1
0c21941a.hi8lsm.shop,1
0631feef-9bb6-467c-955b-6eb0ae09d210.id.repl.co,1
0a187052.89dduvdjsi.shop,1
100000000087146589746541349-gq.tk,1
100098785677889.ydns.eu,1
amazon-delivery-failed.xyz,1
0dvofei2rb7fizvyorak0a-on.drv.tw,1
09865678924.weebly.com,1
icloud-account-suspended.ru,1
04327c.com,1
0cbb2fe.wcomhost.com,1
0064852575383277.eu-gb.cf.appdomain.cloud,1
103.114.104.87,1
0f77e28.wcomhost.com,1
06816905-57a5-42d6-af9b-a89d5e6f70f1.htmlcomponentservice.com,1
04329b.com,1
0a1e0a1a20e00a2e0a0e2a20e.cr77468.tmweb.ru,1
010365vip.com,1
031abcca-0d7d-4467-a6de-97a79f56b2c6.id.repl.co,1
0365alert.com,1
086558864.ru,1
discord.com,0
0c584d61-0ba8-48fe-8709-44323bfc47c1.htmlcomponentservice.com,1
060a47e.wcomhost.com,1
07615c5c.adorn-insight.co.uk,1
0e3aolus98login07sbaloan09forgi0grant.netlify.app,1
103.30.211.54,1
0lineverify.webcindario.com,1
0utl00kl0g0n0ff1ce297gd97g7gdcgi.s3.us-east.cloud-object-storage.appdomain.cloud,1
0575fc.com,1
04325555.com,1
1008221223623623620310034526235235235236021.100000457101124502771100012121.com,1
0nl1n3-b4nk1ng.tk,1
0913.comvocenaweb.com.br,1
0ppwgrb2plyh9f9f.qwo231sdx.club,1
0228zc.pages.dev,1
05599.vip,1
00bbfl2ke6.1qw2es2z.xyz,1
ubuntu.com,0
1000200030005647588787575787765785965.tk,1
10002000300056756098217846025418979417920.tk,1
00877.cc,1
0662smt.com,1
03mtb.duckdns.org,1
1000000000000000000000000000852585525504.tk,1
0wa477gswk848mbc7309gd.mattsenior1.repl.co,1
0987.win,1
0haw4y81v6k9411b.malefercen.com,1
100034207.mafedesing.com,1
revolut.com,0
0581.jvcapitalgroup.com,1
0668kf.com,1
04azxldhw0wrvjau62fix7.qwo231sdx.club,1
0pt-huntington-secured.duckdns.org,1
0gpfucmwpmq6e.wusps.xyz,1
004.settrade-services.com,1
0nliesecuserauth68qn-b0ofa.4nmn.com,1
03293200326973265784.duckdns.org,1
1000000000000000000000655235653205.tk,1
1000000123459869581473120000012.tk,1
glassdoor.com,0
medicare.gov,0
0dc13c99-28c3-4e78-b6fa-024c84209a51-00-2546in1dooe8d.picard.replit.dev,1
gitlab.com,0
07iahn.5q5e5o.cn,1
0013009.com,1
00nba-zkbw.000webhostapp.com,1
1025404-udate-000025465887869210025.duckdns.org,1
0utlook-owa.d1n3vfe0lukbep.amplifyapp.com,1
091307a9.kjd4-li3yd.cn,1
00e132a99407d8e60c6b0895577e2d25-dot-gle9392420309493993.rj.r.appspot.com,1
0hgqsffpdifxe.liusanjie.cc,1
067b8fe.wcomhost.com,1
0qh8d3.lavoromi.com,1
0407-3ev.pages.dev,1
04322a.com,1
048618b.netsolhost.com,1
02-u-4528172.com,1
101653658227173.ga,1
evernote.com,0
02mobilechase12009.changeip.co,1
060bc63.wcomhost.com,1
080ipae3btge9bepypopd3dqgswak25h.ocalam.com,1
0utlo0kc0nfirmar.liveblog365.com,1
0aejzdjvgdl0nqkoq5gazsee6.qwo231sdx.club,1
webflow.com,0
0yw47m7.gdkc9q.cn,1
07fe5255.kaxio.com.cn,1
0ihpppadohb7.thedsdstudio.com,1
08513659.com,1
protonmail.com,0
03usmtbway.ddns.net,1
meet.google.com,0
100yearsconstruction.co.uk,1
0nline2.ifudeunet.one,1
103.155.92.221,1
0s4kvodbbknxbzz4s0z.qwo231sdx.club,1
0utlook0c0onfirmar.liveblog365.com,1
0nnpop1.com,1
0023-1--soporte2023co00.repl.co,1
01115484188.000webhostapp.com,1
0a3f2aa9.kjgeuwnc.shop,1
0bcc6aed-ea9d-402c-85d0-badee91d7398-00-3s4x2djlquln5.janeway.replit.dev,1
103.49.251.174,1
0992xiios.hostfree.pw,1
01petl41.duckdns.org,1
0srce.omegasolucionesweb.com,1
043244.vip,1
012-f5b.pages.dev,1
02pgnkwxibj90npcsq3jlxqynfw4mu.qwo231sdx.club,1
0pk1wtodhhdp0cjyyhh.qwo231sdx.club,1
02accounts2.github.io,1
0351250.netsolhost.com,1
qpalzm-verify.ru,1
0nline3-n0tic3-b0ofaa.4nmn.com,1
0.feixue316p.cloudns.biz,1
0099xxy78.weebly.com,1
0354b18c6589cab5c616391426d071dd-dot-gle9392420309493993.rj.r.appspot.com,1
nft-airdrop-free.info,1
signal.org,0
0rs-binance.com,1
06e6f4d3bb4140516.temporary.link,1
0wzyp3.5q5e5o.cn,1
asdfjkl-secure.info,1
103.205.59.118,1
006.zzz.com.ua,1
0mlnkvz12fyfv8jlsgo.qwo231sdx.club,1
0ds41e.csb.app,1
0jy6i8m7ah.s3.us-south.objectstorage.softlayer.net,1
0zkevb8wqshusz.qwo231sdx.club,1
08bc6a65-b4ac-4851-9ce2-57302e775629.id.repl.co,1
101.99.95.134,1
064e2aa.wcomhost.com,1
00pcz4dy1shpwti-1321712386.cos.na-siliconvalley.myqcloud.com,1
04323b.com,1
002paymts234.com,1
07958cb94a76ae165799ce367545.pages.dev,1
0mga-casefb438407.vercel.app,1
000717-coinbase.com,1
045a3c0.wcomhost.com,1
02-info-billing.com,1
1000000000000985698569651.tk,1
0fficiallnstagram.000webhostapp.com,1
zxcvbnm-login.ru,1
042022.digital,1
0e0601f4.kjd4-li3yd.cn,1
0365ll.com,1
0jy7-uuaz6v-ynq9.anjaan.com.np,1
05284.cn,1
0305923904039965934023045-dhl.unitedcareerservices.com,1
0817.jthxfzya.tk,1
034090c39b2729470.temporary.link,1
0821.wjh5576.workers.dev,1
103.149.90.150,1
01109447a34ae455cb7890345761dfe9-dot-gle9392420309493993.rj.r.appspot.com,1
01c7a39835d76f5eada-35d76f5e-c5e3091379c71998-1.pages.dev,1
rockstargames.com,0
0414.rdct.link,1
1000000000007349476828349856.ml,1
055f626.wcomhost.com,1
0ffice365update.blogspot.com,1
103.117.212.188,1
0628103.wcomhost.com,1
000p0d5.wcomhost.com,1
0085ccc098789.pages.dev,1
0ee1c1.compensatorydub.cn,1
00000--bancogeneral3.repl.co,1
0f0eea6a.hjksznc6s.shop,1
0utlookonline.webflow.io,1
09c1aca4-cd87-4a39-bfab-729f7337ac79-00-e6g300lqsam6.janeway.replit.dev,1
skype.com,0
0hazgue9cphffzatau1.qwo231sdx.club,1
01025.yimumon.xyz,1
0000000095.godaddysites.com,1
08w5zzgese4ksot9n4j.qwo231sdx.club,1
1029yg.pages.dev,1
089014235-reviewpage-pages.pages.dev,1
100000000087146589746541346-gq.tk,1
0d1d520.wcomhost.com,1
084106917.com,1
0656014.wcomhost.com,1
latercera.com,0
0718.arthur9573.eu.org,1
0258369.com,1
urgent-account-suspended-verify-identity-now.ru,1
0485b00a4c21bcb4958ce0d50d41e3b1-dot-spow3039.df.r.appspot.com,1
0u4w3o.cfd,1
0.0.0.0ssl.cryptonight.net,1
0.0.0.0forum.cryptonight.net,1
0f4ff0f4ff.midaspestmanagement.com,1
04qu.airavenuehotel.com,1
10000000000000000000085665557.tk,1
pipedrive.com,0
04327g.com,1
103.124.105.239,1
086d5709c25659d6.p22.rt3.io,1
04fbf211.89dduvdjsi.shop,1
ubereats.com,0
02billing-resolve.com,1
06ada11b.lv163.com.cn,1
02customersbillings.com,1
07485bf3.bjdkth.com.cn,1
043299.vip,1
1012cf.vfans07.workers.dev,1
dian.gov.co,0
02i1yah030ei-i9i1oi2-winios12-ios19.netlify.app,1
0821.yklsysn.link,1
0ffice-edu-104112.square.site,1
101.99.92.203,1
0g0bq02c65cbutdjsje9knkmi49a71aqf3617knn9dbl13ocmg5qbp0.siasky.net,1
1002nei-br7r.vercel.app,1
0utl00km.d2chrcq3spcj8o.amplifyapp.com,1
upwork.com,0
norton.com,0
0p4t9pb0.square.site,1
0ee9d08.wcomhost.com,1
045348.cc,1
0utlook232.liveblog365.com,1
000000000000000000gg.000webhostapp.com,1
1000000000000005656656311.tk,1
00-974a.duckdns.org,1
0kh2k2kpxn4c4qe0bnhfafflf0.lspower.xyz,1
10-250.paypal-merchant.ru,1
07b21c3.wcomhost.com,1
milenio.com,0
axios.com,0
0ff50630c1e0e2f056ed4c22bde1afb.pages.dev,1
0zgnef86cctdfptrgqmtgp3r8ckcpy.duckdns.org,1
01a-five.vercel.app,1
0e47b48b.tgqgbqp.cn,1
0d03525a.ngrok.io,1
0c21c8e6120224e28555bd51103e40d6-dot-gle9392420309493993.rj.r.appspot.com,1
1000200030005647588787775557765785943.tk,1
0760esjx.com,1
098987897867968.netlify.app,1
0cc7hoqka5io8fwbktz1lchjhu.qwo231sdx.club,1
0acrew.crccoleccionables.com,1
01077jjj.pages.dev,1
035508045747058.kitlanchesisa.com.br,1
0keqbfw2jqkgrgyzpt3eirggfqej.53244ds.xyz,1
07-73-29-51-76.hubside.fr,1
0orannge.000webhostapp.com,1
103.155.93.105,1
0fbe26932a.nxcli.io,1
05verification-desjconnection.com,1
mintic.gov.co,0
1000000000000000000000000000056656564.tk,1
0981b2-84.myshopify.com,1
ted.org,0
0utl00cksitehour.24.co.nl,1
102.37.10.37,1
00800.vip,1
02025iyalh00inc24i2ec72cirs25ce2a78ios.github.io,1
02-billing-bundle.com,1
0faa1bbe3578b9623adc96038420d8e6-dot-goff039302032323.rj.r.appspot.com,1
azure.microsoft.com,0
0pmyttkpdaqj.qwo231sdx.club,1
02ci-bc3lk.com,1
000083.godaddysites.com,1
facebook.com,0
01db3205053754908.temporary.link,1
0828.bingaiwy.eu.org,1
103.147.225.229,1
02-bundle-help.com,1
103.49.249.125,1
00110000.com,1
0654206365.mexigas.com.mx,1
03e2a83783ce0ab59dde4701365ffa7a-dot-dbenitonline.ey.r.appspot.com,1
0lkr6.mjt.lu,1
03servierchaseelisst.duckdns.org,1
0572tv.net,1
0591234.com,1
medlineplus.gov,0
06945.cn,1
06bc87c.wcomhost.com,1
twitter.com,0
09-fdereewdwewweeeeeeeee.ezyro.com,1
04329ss.com,1
0ffice365-microsoft-onedrive-sharepoint-document1.glitch.me,1
04ab43d5.ucoqun.cn,1
vimeo.com,0
103.155.93.52,1
0vhlizcgk8m0.id.wasmer.app,1
svelte.dev,0
outlook.com,0
0085vip00.com,1
064df853.weghytwr.com.cn,1
0zsbak69wor4dob0cu49h.qwo231sdx.club,1
04d91d9d-c3d6-4128-9131-1e379b54267e.htmlcomponentservice.com,1
bitcoin-rewards-claim.xyz,1
08ab887d.n61gft.shop,1
news.google.com,0
0205ya1h00inc092irs89vire092doc09ioswin.github.io,1
secure.paypal.fakedomain.xyz,1
vultr.com,0
deezer.com,0
1000golos.kl.com.ua,1
0ee399.duckdns.org,1
00000000000000000000000000000000000000dfjjjhv.000webhostapp.com,1
0nh.238.myftpupload.com,1
0nenqmwnl6wnqgeagorj2l.barclayis.co,1
0b8cc331813049912.temporary.link,1
102020yahoo.weebly.com,1
0697235-reviewpage-pages.pages.dev,1
07.lg1.live,1
00987.ru.com,1
underarmour.com,0
007168-00.000webhostapp.com,1
103.18.7.150,1
0432bbb.com,1
0opokfqmhqnqa7cye2bjg.wusps.xyz,1
account.microsoft.fake.ru,1
103.204.129.196,1
paramount.com,0
0datax-entr02yz.com,1
02billing-info.com,1
time.com,0
098765432123456789.000webhostapp.com,1
0ni1ne-tr3nsf.com,1
0f34d39.wcomhost.com,1
0b67e51c.voag.cn,1
045a8af.netsolhost.com,1
0fc968ec1dc5e2aa35caa3df39a36419-dot-solidstar-improts.uk.r.appspot.com,1
07yyrzq8oh.projects.webpages.one,1
100milesmanhattan.com,1
0432jjj.com,1
didi.com,0
0u6jo2.codesandbox.io,1
01etr10nsf.ltd,1
025saibo.com,1
103.30.194.169,1
uniqlo.com,0
000002456171.ml,1
yelp.com,0
docs.python.org,0
05e6283.wcomhost.com,1
0join18.cf,1
0tn0lex.duckdns.org,1
0000000000000000000000000.findyourjacket.com,1
05680406087020.0860454058054.068040.itmademethink.com,1
emol.com,0
06k.paypal-merchant.ru,1
08pwhbkjj0hg7hi5etdl.qwo231sdx.club,1
025sn.com,1
0enlpajyaizgumv.lspower.xyz,1
09yesh.github.io,1
04320a.com,1
0a7430a0e43d.ngrok.io,1
0offlce.com,1
0p6fu-alternate.app.link,1
02d4490e35.nxcli.io,1
030277188517882-dot-ifile-document.appspot.com,1
barclays.co.uk,0
ubisoft.com,0
09w.cloudns.asia,1
0416c34.netsolhost.com,1
1008etmask.xyz,1
salesforce.com,0
103.52.115.24,1
0upwx.mjt.lu,1
100espacios.com,1
055608.technlpenergies.bid,1
0becebe9.voag.cn,1
0comprobar-login00.weebly.com,1
0365-update.s3.br-sao.cloud-object-storage.appdomain.cloud,1
098jkk.9wuvwrrj4q5409.workers.dev,1
0480dc09fdebbb688eb352fbc0a3319a-dot-gle9392420309493993.rj.r.appspot.com,1
0nline-sec8eb-oa.duckdns.org,1
fiverr.com,0
0oo5r432qw.000webhostapp.com,1
09securedatainfphp.com,1
0000666688887777.000webhostapp.com,1
09513659.com,1
0tx2vf4us.duckdns.org,1
0891b5a4.voag.cn,1
zoom.us,0
0v4jvv0ifv4.dealsthisholiday.com,1
bancolombia-verificar-cuenta.xyz,1
funimation.com,0
0xpl539--w3login.weebly.com,1
0fcfeff8.vebooks.cn,1
0wa-account-outlook-co-auth-0ffice178490-admin9457-isdma.s3.ap-northeast-2.amazonaws.com,1
0nlinebanking.ru,1
100000000000000000006396320632063201.tk,1
100000000056484541658746542-gq.tk,1
citibank-login-verify.ru,1
0z9kmrypf55vlpkjiyhtzuwfzss.qwo231sdx.club,1
05f54c0.wcomhost.com,1
0d03aa12-2ca3-4b04-b2ec-68da7c742da1.id.repl.co,1
100081396.mafedesing.com,1
086f4575.dsfiurb-u.shop,1
00f28a5a21c09720affa474c7b4f134c-dot-gle9392420309493993.rj.r.appspot.com,1
032pics829albums02yaniris930faceb00k39sj47s24.filesusr.com,1
089adb3e.kjd4-li3yd.cn,1
04323a.com,1
101510779598805bm.duckdns.org,1
0misyeofo4sdj0mhcba.qwo231sdx.club,1
coinbase.com,0
wordpress.com,0
0903ae93.sibforms.com,1
00514cdeadd561c329964c042008341e-dot-solidstar-improts.uk.r.appspot.com,1
0009aak.pages.dev,1
1000000000987651321005469871-gq.tk,1
toptal.com,0
bbc.co.uk,0
02-billing.ref-386.com,1
0387.jvcapitalgroup.com,1
04322cc.com,1
kernel.org,0
052322822710724-dot-crafty-shade-294422.uk.r.appspot.com,1
0utl00k-microsoft365lilac-auth-user.vercel.app,1
0829.pages.dev,1
06secure-chase.ddns.net,1
02-update-bundle.com,1
053c8fo.z1.web.core.windows.net,1
godaddy.com,0
docs.google.com,0
0365online.com,1
supremecourt.gov,0
103.30.211.55,1
07313659.com,1
05wdu9klucwav3qxhq68qf3s.qwo231sdx.club,1
0txebjgnhzybfhmlv1s1zw.liusanjie.cc,1
0827.tjhsxd.xyz,1
03t.top,1
0704.zzz678.us.kg,1
music.amazon.com,0
0vlsuo4.duckdns.org,1
0my75.mjt.lu,1
0ffice365-1drvve-oneauthmx1drive.glitch.me,1
0kqufftkcz.qwo231sdx.club,1
box.com,0
0ecfd7c.wcomhost.com,1
05mtbverify.ddns.net,1
047c4d7c-58de-4172-8a30-e8cbcc95cbd9-00-1tq92dhmgkjxh.riker.replit.dev,1
0674b9c.wcomhost.com,1
06994cdef7417bdf9b1b7416df4e3db0-dot-gle9392420309493993.rj.r.appspot.com,1
reuters.com,0
0hz0uoe.associatedshipbroking-mc.com,1
053ec740.voag.cn,1
0989-92.bevape4293.repl.co,1
10000000002103221054874454-gq.tk,1
0tngqa57dop5etfhyjlbmemysnw.qwo231sdx.club,1
0292-93doc-1318470232.cos.ap-nanjing.myqcloud.com,1
0jsv.dxswq8.dns-dynamic.net,1
0vntp7ybzqua8a47gqw3fcl7ckg.qwo231sdx.club,1
10000012345986732037951.ml,1
00976.weebly.com,1
05dd0wgw042.pages.dev,1
1000200030005647588787575787765785928.tk,1
0e052ff0-e4ff-439b-b15b-e006ffd91906.htmlcomponentservice.com,1
0205.vip,1
pedidosya.com,0
0xmoh1t.github.io,1
1012.njki091.workers.dev,1
01e913e6-93dc-43b6-b2a3-cee1b5dc0ea4.selstorage.ru,1
090908.xyz,1
0onvoamainnwk.webflow.io,1
067weebgalicia0.000webhostapp.com,1
aeromexico.com,0
1000280512504.duckdns.org,1
05dfce6.wcomhost.com,1
000667993.codepen.website,1
02-account23a.github.io,1
0a1s455s8qmpq.tk,1
103.155.93.48,1
0bta3.app.link,1
instagram.com,0
0pqri0y2gbgag8rfwb839lgs.qwo231sdx.club,1
012678.xyz,1
0kil3xsu.oknijbuhg.us,1
0grdwwha.qwo231sdx.club,1
0f08ea43-930f-4119-92d7-6b3ab739d863.htmlcomponentservice.com,1
101.99.90.154,1
0rg.ink,1
0xzgydq0mea2j.com,1
0ffixe587.weebly.com,1
microsoft-account-verify.xyz,1
0rsthelp0p0pverifidebadge0.cf,1
0ffice365fax21.freeholdoffice.workers.dev,1
icloud.com,0
008ecdda.encrypted.pages.dev,1
ghost.org,0
0everiauth3nb.dynamic-dns.net,1
0fficeverification-edu-email-verification.square.site,1
085014.xyz,1
0432nnn.com,1
0103659.com,1
banco-bogota-secure-login.xyz,1
006186.alertbyte.com,1
0vdf45.csb.app,1
alexa.amazon.com,0
0497.98.anbarvahdat.ir,1
tunein.com,0
usatoday.com,0
00000078uu7u8790090900.000webhostapp.com,1
06334f5.wcomhost.com,1
000220.000webhostapp.com,1
014oo.blogspot.com,1
0591dbc14c12780c2f92ad51c1d4e626.serveo.net,1
100919292xxx.weebly.com,1
0fic3365-ms-1drve-shar1drve-0ffce1drvve-0ffic365new.glitch.me,1
012841012.duckdns.org,1
0vnwpqr1nx1zmw.liusanjie.cc,1
00998.90009.repl.co,1
0e746de02b2989646.temporary.link,1
0-amfc.firebaseapp.com,1
support.apple.com,0
amazon-account-locked.ru,1
0f4ce2e7.hgwrhtr.com.cn,1
hbomax.com,0
spotify.com,0
0.0.0.0mailgate.cryptonight.net,1
0006.mediafirew.xyz,1
0822crv.xyz,1
02login.com,1
economist.com,0
100fmusic.com,1
101flori.ro,1
02b28863-eee4-466d-823e-f87f0a957da6.htmlcomponentservice.com,1
040ff502-691c-4623-9ef2-6637074640e0.usrfiles.com,1
0342-91-188-214-227.eu.ngrok.io,1
0449a311.sahfgmxcp7.org.cn,1
100472974781984.ga,1
infobae.com,0
0jvgkpzuhnmgq07sngrkduj.we9ixzz.co,1
0333fa5.netsolhost.com,1
0on.fat-fly.com,1
0758479532827e85deefcbce57a97d65-dot-spow3039.df.r.appspot.com,1
hm.com,0
square.com,0
0b607ea62448d585a18b40a9bb07e38d-dot-gle9392420309493993.rj.r.appspot.com,1
048818.com,1
05ff107.wcomhost.com,1
057enpgzva.s3.us-south.objectstorage.softlayer.net,1
debian.org,0
0640f80.wcomhost.com,1
069bjt6fagcdtkrcyn7a8k9hklmr.liusanjie.cc,1
000838774343.000webhostapp.com,1
03diminstr.z19.web.core.windows.net,1
0wdf6ixpk2ljsnmybkw.qwo231sdx.club,1
0eccff0.wcomhost.com,1
09py5pg.com,1
0uqne0iv.kokoo8899.com,1
100000000000000630693632505252.tk,1
0io84rxyns.3.sabina.world,1
0edd125.wcomhost.com,1
01112450.duckdns.org,1
071459f16d61d82b9f13a94520d17e0c52685d5d6f5d4ab207f3c49b04.pages.dev,1
098e9697.dkjhsd-keidj.com.cn,1
forbes.com,0
01549b.com,1
0394837383.000webhostapp.com,1
0939-09-089034268097387.duckdns.org,1
0nline01.com,1
0634e156.voag.cn,1
0011thu001-secondary.z1.web.core.windows.net,1
00dbs.id,1
poiuytrewq.ru,1
02ef496a-f527-4b19-87cf-ce8c57d192b5-00-1t56l0vdoxxm3.kirk.replit.dev,1
000xxxbodddxx00.webcindario.com,1
029manyy.com,1
00099881111.000webhostapp.com,1
00008.godaddysites.com,1
0wcjih6hapsbg.liusanjie.cc,1
0m036vm8a.top,1
0432.com,1
1000200030005647588787975557765785923.tk,1
101.185.106.83,1
10000000000000000000000056268556666546.tk,1
0000.hopto.org,1
09zfzfam277qeu4oedwedchatj2u0pi-75163107604.shopifypreview.com,1
paypal-account-limited.ru,1
expedia.com,0
00mmym.duckdns.org,1
10000000000000000000085665553.tk,1
0ff1c.s3.us-east-2.amazonaws.com,1
wsj.com,0
0pensea.cn,1
100057242.mafedesing.com,1
0734f5c2.nd-8wjsn.cloud,1
1000a1f.wcomhost.com,1
103.151.229.130,1
02-update-auth.com,1
0622yidinfa.com,1
01679-login-att-index.weebly.com,1
064f211.wcomhost.com,1
0421perabet.com,1
057696http324234-o36767826-f8080.mybluemix.net,1
02-billinguk.com,1
094295118.xyz,1
07theme-evevent.indianxevent.com,1
0yoiezo.wusps.xyz,1
0ddbdb7c8f4432481.temporary.link,1
gmail.com,0
033321203330.duckdns.org,1
06sos-godqddy-eom-securelink04.ooguy.com,1
jenkins.io,0
014925396510-rackspace-loginwe6ee67wd.pages.dev,1
01dfgh.pages.dev,1
02ahan-mail-recover-382ukakla.s3.amazonaws.com,1
linio.com,0
0.0.0.0ns10.cryptonight.net,1
0000000000c0.x9xcax2a.workers.dev,1
04b3659.com,1
02dinero.com,1
08a1hn.9ptr89.m.shuaihu99.com,1
0j8c34ahjpkjqaqtbo2rax6l.qwo231sdx.club,1
0728049.000webhostapp.com,1
chegg.com,0
0b964087.voag.cn,1
00110omeopranslateslentldetext.godaddysites.com,1
1000000021205549874416379-pe.tk,1
102.66.160.6,1
103.241.65.73,1
rappi.com,0
03xwebsecurejpmorg.duia.us,1
walmart.com,0
0lx.4523221.xyz,1
009voicemaill-009listenhereahxhfsaf.us-east-1.linodeobjects.com,1
0dgf22pajh.fat-fly.com,1
2k.com,0
10000000964653216541122-ar.tk,1
0leni1iolujbtrj6eexlcgfharem.we9ixzz.co,1
telegram.org,0
zoho.com,0
0710hqhnmq-bu68.vercel.app,1
0e3h6cnbu9.s3.us-south.objectstorage.softlayer.net,1
02bkmxyu.fat-fly.com,1
10325.16mb.com,1
0rlh7e8edno.qwo231sdx.club,1
043233.vip,1
0xkaosdev.github.io,1
100000254875659853602.ga,1
avianca.com,0
0365.s3.amazonaws.com,1
freelancer.com,0
05a17be5e2b493bdb2c2659167ac6be6.j86gjplf-pdlaq-go7ji-7td-87qnn.usrfiles.com,1
03872334.weebly.com,1
000003.000000000013.repl.co,1
00223.cc,1
02402300601394318587048.jamb2022.co,1
09de1138.adorn-insight.co.uk,1
10000000003210654168464710490-gq.tk,1
031d51ad001aa45ea6b5cc792677be48-dot-gle9392420309493993.rj.r.appspot.com,1
052356f5.jkdksyfe.shop,1
060869428415401.cocopasa.com.mx,1
0wj1sa0b0o2w6gjknkrla.qwo231sdx.club,1
005verf-desj.com,1
00oo00fhhhdjjjo000000.pages.dev,1
045478e77a9c38681fbd0d0fa121324ayu.pages.dev,1
0d1ff37a.svyr9n.shop,1
07610e5d92.nxcli.io,1
09372679097897009743743.duckdns.org,1
033695384.com,1
04320i.com,1
00-663b30.ingress-daribow.ewp.live,1
0087b3k.pages.dev,1
053xsecurity-pages.000webhostapp.com,1
0317-998.pages.dev,1
1012.ofertdisneplus.com,1
bloomberg.com,0
07713659.com,1
0dce32bjtbp7ho.indylatinawrds.com,1
0sd-servec0c97d.weebly.com,1
startpage.com,0
03rtth5k.fat-fly.com,1
jstor.org,0
heroku.com,0
023traff4hugedomains.weebly.com,1
100035796.mafedesing.com,1
05d6d09ba54ee9e2e902804869dd44cd-dot-dbenitonline.ey.r.appspot.com,1
03f28fcd-d12d-412a-90e5-b41a7c01dfd2.usrfiles.com,1
0swslygz.qwo231sdx.club,1
bethesda.net,0
101.99.95.25,1
015d4d84ac0ca018d50929e33c891fc2e6a83c19fd4b170bca9f893390.pages.dev,1
0mtbt.duckdns.org,1
070124460033066.graficaaoquadrado.com.br,1
mysql.com,0
03mtbentry.ddns.net,1
05brand.com,1
asana.com,0
09securephpdirect.com,1
0124985675.cf,1
103.155.93.209,1
0a11s58s8s8qqq.ga,1
tiktok-account-verify.xyz,1
monster.com,0
0zfm6.csb.app,1
0ffice.dd-dns.de,1
stanford.edu,0
062kp.cc,1
102030uc.duckdns.org,1
000l.weebly.com,1
000itkw.lfd.myj.mybluehost.me,1
0352222.xyz,1
login-paypal-secure.xyz,1
023316807029161-dot-ifile-document.appspot.com,1
02help-method7.co.uk,1
0951k365.com,1
0ffice-servr-0utl00k-i6tr8.web.app,1
0vp1vytxo.liusanjie.cc,1
10000000003210654168464710484-gq.tk,1
asos.com,0
076nvz.cn,1
4shared.com,0
103.211.143.23,1
070055.com,1
078995384.com,1
05972511.weebly.com,1
02.my-payments.org,1
003467.cc,1
00001-888887766.weebly.com,1
04bkwp.duckdns.org,1
04936782370723072372.duckdns.org,1
bitbucket.org,0
103.147.225.228,1
05372.v-g7.my.id,1
0n76z7n.duckdns.org,1
0bf.me,1
07ying5.com,1
09dmus2g6g6u2vb4uuw37t4o.dns-dns.com,1
0lx.69484121.xyz,1
0s.nrxwo2lo.ozvs4y3pnu.cmla.ru,1
05u1.zemirix.ru,1
08983659.com,1
0531k365.com,1
0721.hekou.eu.org,1
100689a.wcomhost.com,1
05be994.netsolhost.com,1
011111111.000webhostapp.com,1
0432555.com,1
santander.com,0
1000000096856398652556253563.tk,1
0551saibo.com,1
0uttr.liusanjie.cc,1
0432333.com,1
riot.com,0
103.115.42.208,1
10000000000000000000000000006568535.tk,1
1000hundred.com,1
1000bm.com,1
0651fe05.voag.cn,1
agoda.com,0
1006rklm22ufri86168-ggew3g33-hiep04us.vercel.app,1
028426.com,1
0fficerestore.dynssl.com,1
0o12.com,1
007954335-reviewpagepages.pages.dev,1
0yeeeoyeeefacebo0kgrupoartisticobajacalifornia.filesusr.com,1
wolframalpha.com,0
0ec6770.wcomhost.com,1
10000000920.us-south.cf.appdomain.cloud,1
0ebemkthynly.munty.co,1
06bfeb3.wcomhost.com,1
0f379a6c-cc5e-4a8d-9eff-d835050981ae.htmlcomponentservice.com,1
04321f.com,1
00o-mobility535554.info,1
07mybtbillisready08.weebly.com,1
amazon.co.uk,0
0iv.pages.dev,1
06absence01.yolasite.com,1
009988r3sucursalactivaciones.brizy.site,1
04908450.nd-8wjsn.cloud,1
bereal.com,0
00669.cc,1
linux.org,0
0utl00k1ive.weebly.com,1
023-102613t271.weeblysite.com,1
1008af1.wcomhost.com,1
hotmail.com,0
irs.gov,0
100073301.mafedesing.com,1
101.99.90.86,1
vox.com,0
0f084a156aed378ef795414d7fd72790-dot-dbenitonline.ey.r.appspot.com,1
apple-support-alert.xyz,1
apple.com,0
00jmtol5tlmgpaxz4douvgbsnvj6v4eygpaxz4douvg-com.cf,1
049864ac5e806f903e13b6558e846f87.udagwebspace.de,1
06ac1c2f55d2f5e45de07cd8f199a561-dot-gle9392420309493993.rj.r.appspot.com,1
055bd3.amountsalvage.top,1
00012sbcglobal.weebly.com,1
binance-account-verify.ru,1
0ffice336272-0000-1990.pages.dev,1
04325f.com,1
unal.edu.co,0
memrise.com,0
100-americaamazon-900.com,1
0830cfc92f5dfbf81a732776b4e6999c-dot-gle9392420309493993.rj.r.appspot.com,1
06a07968.adorn-insight.co.uk,1
10000000000000000000085665556.tk,1
000jbjdvvdhjvbdjvndvdv.s3.us-east-2.amazonaws.com,1
02-renew-bundle.com,1
microsoft-security-update.info,1
0account7900service7856.yolasite.com,1
02.billing.ref-119.com,1
0502.ap-south-1.linodeobjects.com,1
044441214125004.duckdns.org,1
01417282-9677-428f-8b57-11e362547314.id.repl.co,1
04782346872634879.ml,1
0778849274k.wixsite.com,1
04320d.com,1
0ffice336272-0000-1010.pages.dev,1
008kp.cc,1
amazon.es,0
012833215698.work.gd,1
0365.microsoftonedrive.workers.dev,1
0d1e357b29fa393d3da6bbdd4846f30c-dot-solidstar-improts.uk.r.appspot.com,1
0802bet.com,1
03us9uls9ps.us,1
1011.kongwenku.workers.dev,1
05047b0d.shop-game.xyz,1
07.prayeroyal.com,1
07d4d907803091955.temporary.link,1
0bejtoxw4l2a2by9j.qwo231sdx.club,1
0659878412.weebly.com,1
0k03oieo.square.site,1
04069.top,1
000-00-000-000000.pages.dev,1
0utlook-m365premiun-a6a149.netlify.app,1
0a7a0dc227.nxcli.io,1
0touun0l.square.site,1
0a137221-59d7-470e-b49d-6ddf11a6d214.usrfiles.com,1
0qcaqfc.qwo231sdx.club,1
redis.io,0
0158k.cn,1
09969c73cc1e1f3859e0c281e74838b8-dot-gle9392420309493993.rj.r.appspot.com,1
0a1e4a44-acdb-4218-9678-c7e679fe070c.usrfiles.com,1
0ee9fd1.wcomhost.com,1
goodreads.com,0
0.sciiaawuroyagu9524.workers.dev,1
onenote.com,0
0s.o53xo.nruw423fmruw4ltdn5wq.cmle.ru,1
001.9zhmn1k5.workers.dev,1
041941cd-a385-4988-bff8-193eaabb8a6f-00-ze99z1fmy8qu.worf.replit.dev,1
07-7bp.pages.dev,1
0ffcee-1oqininn.api-rpsnv-de.workers.dev,1
033e5f8a.d26218.cn,1
090423.com,1
archlinux.org,0
07dd96.htmlcomponentservice.com,1
1000000000009696968425659666.tk,1
1000000038592.ml,1
001xsnews.cn,1
069785.yolasite.com,1
100v-xsvdbd1fgbfg-vsdvsdfhnvhgjfm.vercel.app,1
secure-paypal-login.info,1
0ltemm59cvwolkk3f8ek71l5m5b7k.qwo231sdx.club,1
000ogwl.wcomhost.com,1
08fb4a32b302c45e.insonpolooapp.xyz,1
0c28003f.gueijhdnsh.cloud,1
epicgames.com,0
01genrasecrit74522.atwebpages.com,1
1000200030005647588787575787765785924.tk,1
0ffice3655.cabanova.com,1
cdc.gov,0
0f846fd2e111e1a62d4d3d60205f8955.homelandfoundation.org,1
103.179.86.233,1
amazon.de,0
0b30dfcc.jo618hdc.shop,1
homedepot.com,0
04888e6.netsolhost.com,1
0d456f15.yongwang888.com.cn,1
06webapps-bk-fr.mon.world,1
ebay.com,0
10304981658.ga,1
100090205935844068522534678.duckdns.org,1
0f0a794d-b54a-44cc-8741-d430c2675946-00-2eizb4oh5kee.spock.replit.dev,1
00sharpening.sa.com,1
theguardian.com,0
0siry.mujxk.com,1
04245995.com,1
0w7x5d3ttjimjzjv.zandona.com.au,1
grubhub.com,0
025k365.com,1
0.fascinatingsciencemag.com,1
00186.shop,1
103.140.55.219,1
0f5fc33366f778d4b51595eb4ffb08a8-dot-gle9392420309493993.rj.r.appspot.com,1
airbnb.com,0
0utlook-shared-storage-03.firebaseapp.com,1
101.99.90.128,1
amazon-account-verify.ru,1
basecamp.com,0
0ee6652.wcomhost.com,1
07-promping.paypal-merchant.ru,1
04517755.ci34979.tmweb.ru,1
06c46bfe.qepfmq.shop,1
00krafton-tencent.my.id,1
034z.com,1
09ss2sc.royalwebhosting.net,1
007k7.com,1
059148217030.ctinets.com,1
1007v1.pages.dev,1
000webhostcrazystikers.000webhostapp.com,1
08913659.com,1
102633331241422.my.id,1
09096543mail.weebly.com,1
103.155.92.251,1
office365-password-reset.ru,1
034ahqsb.square.site,1
103.219.154.102,1
00000microsof.tonohost.com,1
0nwihzvenvmgj.qwo231sdx.club,1
0512w4nokq.eu.loclx.io,1
03dcgj.codesandbox.io,1
0tfmfm3rfemr.weebly.com,1
08uc8kdodeek.qwo231sdx.club,1
10000000000000006363633215.tk,1
0ymceo.ncessentiellebeauty.com,1
0000000o.weebly.com,1
100300uc.duckdns.org,1
0pensea-gifts-013.vercel.app,1
03c3410014b4.ngrok.io,1
0ffice365fax.weebly.com,1
tiktok.com,0
053ee1baf88676c7b5a24bf0e10f7bfe-dot-gle9392420309493993.rj.r.appspot.com,1
instacart.com,0
078656gkb-bb9666.ingress-baronn.ewp.live,1
05f2e4b17b2a115cc91cc7859fb8f6e7-dot-gle9392420309493993.rj.r.appspot.com,1
02fecb9e9ee6ebb5ca951f202409b59b-dot-gle9392420309493993.rj.r.appspot.com,1
udea.edu.co,0
0penseanft.pages.dev,1
0a70f8b5e29482619.temporary.link,1
apple-account-verify.xyz,1
000000000000000ooooo.000webhostapp.com,1
united.com,0
100worldkisses.com,1
0830514.com,1
10000000000000085685252208.tk,1
0wig.ktt55.my.id,1
1000000123459869581473120000010.tk,1
0f37338.wcomhost.com,1
0459012.xyz,1
074c1d60-2785-4d98-8741-3118b64d2493.usrfiles.com,1
101.99.90.147,1
0ffice000-0000-0000.pages.dev,1
0411.pages.dev,1
100000000000000000000006263266568.tk,1
zillow.com,0
103.155.93.154,1
02a7f723-6185-4594-a249-7ebb7b42f3b7-00-3q9aj3gs3ge71.kirk.replit.dev,1
0fficevoicingforyoutolistenontimebeforeitexpires435ssds4rfsdda.s3.eu-de.cloud-object-storage.appdomain.cloud,1
103.252.116.58,1
0fxubrh6k.qpzdomcg.ip-ddns.com,1
0145879-pagehelping.000webhostapp.com,1
103.40.8.93,1
03986.galiciadd.repl.co,1
instagram-verify-identity.info,1
100000000000000000000596285205.tk,1
0859937448be4cc318913b2c5667dc5c-dot-gle9392420309493993.rj.r.appspot.com,1
0ec50dc.wcomhost.com,1
0000.com.my,1
063e53c0-466c-4210-80fa-0f3d0af11a20-00-3jg27xadq6y0g.sisko.replit.dev,1
0nlii2-tr4nsf.com,1
digitalocean.com,0
04328d.com,1
1010.zhaojunwei12138.workers.dev,1
0000-1t8.pages.dev,1
073s-info.webflow.io,1
who.int,0
00ato-mygov-0-au.duckdns.org.fix-02bug.duckdns.org,1
0fb33d4.netsolhost.com,1
disneyplus.com,0
0517.info,1
kakao.com,0
0wade.brizy.site,1
0nline.54xstandard.tech,1
00ffice-authenticate-01.pages.dev,1
009812kivip.top,1
02-verify-billing.com,1
presidencia.gov.co,0
monday.com,0
bear.app,0
0f3ab3a.wcomhost.com,1
0f28d51.wcomhost.com,1
08deabril2023-sec-uri-ty.zya.me,1
aol.com,0
098762022check-770677564.development.catalystserverless.com,1
10.231.109.208.host.secureserver.net,1
0zomy.app.link,1
0202.472607582.workers.dev,1
010109434-111.duckdns.org,1
0992334.weebly.com,1
miro.com,0
0ejdczyxyyzy89.liusanjie.cc,1
06040119.dj-hd5kfu.shop,1
09t-s4wrh5je6yrkuthfgdrseg4yw5u6.vercel.app,1
096dbb5a.voag.cn,1
101.181.169.154,1
usa.gov,0
0ficelog.z1.web.core.windows.net,1
01adc8d6.89dduvdjsi.shop,1
0923bc27.hysgrfy.com.cn,1
08744e20.yongwang888.com.cn,1
0nlinemybdoredirect.ngrok.pizza,1
0818.qingf.link,1
0rd3r-transout.com,1
05c3f75.wcomhost.com,1
064ue7ufipk.typeform.com,1
mercadolibre.com.co,0
0kf.hannahlay.com,1
07701-d3p01slt.com,1
04328e.com,1
0a92d02b-20d7-4c9f-ac41-9ff0844350ab.usrfiles.com,1
0135d091.00agt8.shop,1
0641-06501541.pages.net.br,1
103.161.184.224,1
001-a6j.pages.dev,1
0887365.com,1
06-0030-0-359yg-3r9g-1324002210.cos.ap-bangkok.myqcloud.com,1
0cab8ca.wcomhost.com,1
103.140.238.246,1
0b081fb73c92a5d1812659f5038a01bc-dot-gle9392420309493993.rj.r.appspot.com,1
10000000000000000000000000006568539.tk,1
101.99.95.105,1
0283659.com,1
003455-1318019027.cos.eu-frankfurt.myqcloud.com,1
09c94aa9-e37f-4527-acd8-a43bf78f8688.htmlcomponentservice.com,1
002-bj9.pages.dev,1
04329d.com,1
01o.12o.workers.dev,1
0432iii.com,1
103.154.122.117,1
103.143.73.41,1
06tian-olu07auth-maggie07.pages.dev,1
09834arpasba39u-yahoouserid0923ios16i.netlify.app,1
0099extuyafeliciades092.c1.biz,1
0432ggg.com,1
0365ss.com,1
010league0flegends010euw0.000webhostapp.com,1
0wevsf00wyewpdk.qwo231sdx.club,1
000m8ih.wcomhost.com,1
google-security-check.net,1
0ac41742.h21281.cn,1
05.correof.top,1
03vv4pnot.duckdns.org,1
101.99.95.52,1
042019.tk,1
000690750.deployed.codepen.website,1
09eb5c3ba.shoprenter.hu,1
theverge.com,0
00e9e64bacce231bc2e4635333a7a68bbab82bbabbb7941b9b-apidata.googleusercontent.com,1
0range.godaddysites.com,1
0wvbaxjw.square.site,1
043bccd.netsolhost.com,1
05snu9322zvwnleiemo.waie.de,1
02dfbe20-6956-4be6-ba22-36ae0e0d3053.htmlcomponentservice.com,1
103.129.222.158,1
0ry69.mjt.lu,1
0bea4f7c.hjksznc6s.shop,1
1000000000000000000000000000852585525506.tk,1
0ecfa2a.wcomhost.com,1
0000091193.xyz,1
0mt-online.webcindario.com,1
05313659.com,1
0p.mywebsites360.com,1
103.25.130.114,1
0804a093e70141c1b9281762478989408.0410236.misitiohostgator.com,1
00d94bf3262617342.tempsite.link,1
0z.itmod.heath.net.au,1
0fdd144.wcomhost.com,1
103227054656299.ga,1
0utiyzhico7qqxhakahs5h.qwo231sdx.club,1
cyberghostvpn.com,0
07k9q5mrs4xkwh7aaax2tkse40.qwo231sdx.club,1
05verf-desjaction1.com,1
0505ficohsa.atwebpages.com,1
0ht.b09.mywebsitetransfer.com,1
02213.pages.net.br,1
0ft365-dri3vwa.chime.com.de,1
linode.com,0
didi.com.mx,0
0bs.de,1
cashapp.com,0
030dafab-8ddb-4316-8799-d641eb25ad56.usrfiles.com,1
103.150.215.101,1
082823952130134-dot-crafty-shade-294422.uk.r.appspot.com,1
0iv8q5zr9u.4617.burhancan.com.tr,1
0faceeboookcom.000webhostapp.com,1
0215412pageaccountserve23-confirm.start.page,1
0qurtjwdgvox9vufjr.qwo231sdx.club,1
101.182.45.53,1
0818.geshiwen88.link,1
0408604b-eef9-4c49-94c6-9f8bfdd5f7bf.htmlcomponentservice.com,1
0acugovdo6986660615-0acugovdo-42310028-69866606150acugovdo.bhuttafightgear.com,1
0xc004c008.com,1
012sec-help-veri-citizen.duckdns.org,1
europa.eu,0
0440082.wcomhost.com,1
0eogd.dgwt.my.id,1
04327d.com,1
0penseaxlixk.vercel.app,1
huffpost.com,0
01wiyped1.duckdns.org,1
0c20ao28371yaha2jak22gaj3cabbe6jsjs936ay3.pages.dev,1
09ccae0.wcomhost.com,1
0687904865131.web.id,1
0ssopayment-irs.x24hr.com,1
0583z.mjt.lu,1
whitehouse.gov,0
0ec27db.wcomhost.com,1
0fice-dana.id-care.biz.id,1
chase.com,0
000o5eh.wcomhost.com,1
10020030045678.com,1
0ffice-servr-0utl00k-i6tr8.firebaseapp.com,1
rottentomatoes.com,0
0utl00k-0wa.s3.us-east-2.amazonaws.com,1
100055763710903.tk,1
00112378.com,1
0967signinatt.weeblysite.com,1
08kjpsecure.com,1
bankofamerica-suspended.xyz,1
0x52b4a2d9.generic.sagitta.dk,1
irs-refund-claim.info,1
0315.pages.dev,1
00rm-huntiiingtonbnk.dynamic-dns.net,1
0ffice-inboxcomowaokta876543213456789.com,1
08group.tv,1
086221.tk,1
0987.2auj789r6t3824.workers.dev,1
0sqsxc90kv1dopxkpdyvha-on.drv.tw,1
000133210.000webhostapp.com,1
0.tecnodentalrd.com,1
002redir023.dns04.com,1
0ii-meta-confirm-info.start.page,1
04782346872634873.ml,1
threads.net,0
appleid-secure-login.info,1
azure.microsoft.com,0
0d18aa9b524d25e6312097448acbe534-dot-solidstar-improts.uk.r.appspot.com,1
101.99.92.118,1
042575875587922590.eu-gb.cf.appdomain.cloud,1
0eee38e.wcomhost.com,1
10000000000000000000000056268556666544.tk,1
0af1bd8733198795c7523690261060a7.serveo.net,1
0471k365.com,1
0ffice365fax22.freeholdoffice.workers.dev,1
003mail.github.io,1
053kp.cc,1
010aa.cn,1
0568ab8.wcomhost.com,1
imdb.com,0
0448acf.netsolhost.com,1
0829.jthxfzya.tk,1
0cd496ef.voag.cn,1
0fficeoutlookinvoice.ddns.net,1
0ed59bc.wcomhost.com,1
0w73s727sh73ushsy377shartcc36ff0aee0039ff0.pages.dev,1
pluralsight.com,0
095795384.com,1
00m-i-cloud.mipaginaweb.us,1
002.195533.xyz,1
10000000000000085685252201.tk,1
0483e631.n61gft.shop,1
mastodon.social,0
google-drive-share.ru,1
01becu-server.duckdns.org,1
smash.com,0
0yvtnkmcevnarwkvhode3dghezwnlbwjlcjiwmja.filesusr.com,1
secure9999.info,1
bancolombia.com,0
101.99.94.177,1
0931k365.com,1
103.140.212.52,1
0552af2.wcomhost.com,1
1000-diamonds.000webhostapp.com,1
1000000123459869581473120000019.tk,1
twitter-account-suspended.xyz,1
02-billing-renew.net,1
08ai.com,1
0672481.wcomhost.com,1
100.legia.com,1
038sdyz3.qwo231sdx.club,1
03qyrhn02secure.000webhostapp.com,1
visa.com,0
073202.com,1
100005425375681931513.ml,1
02help.com,1
0d991bf2d52637370.tempsite.link,1
0339002.gentlebrooksports.org,1
000000541840000.co.vu,1
0hipcjaeoflebyvo6uookhl2.liusanjie.cc,1
paypal-confirm-payment.ru,1
0utlook-live-mx.liveblog365.com,1
nequi-reembolso-urgente.ru,1
0359.pages.net.br,1
10114updaterestricaccounth.start.page,1
10004856724.ml,1
00186e.com,1
0432444.com,1
09876322393894893988932.blob.core.windows.net,1
0t0-xuwi99089eui.000webhostapp.com,1
0b937eb6-32c2-4ceb-86e2-b7b2d2e7b44.vercel.app,1
0e0aol03mail0s0esecure890sba0-grant9i.netlify.app,1
06grupbokepxxx.duckdns.org,1
0wsu2fhnkv.46464tk.com,1
0000006738.vercel.app,1
0b46ca83-6873-4de8-94d8-8cead3f458b3.htmlpasta.com,1
0047e852.jdhuwoskz.cloud,1
020c184d.webmailonline.pages.dev,1
098456b.980908b09b.repl.co,1
0941ce23b87674e83d9a5ccbd65b9fe5-dot-goff039302032323.rj.r.appspot.com,1
notion.so,0
08c9a311.c528794084dd4ab10266a9a7.workers.dev,1
011.358761202.workers.dev,1
001kp.cc,1
0nedrive.com.pr0tection.cf,1
microsoft.com,0
justeeat.com,0
0926mypv.pages.dev,1
007595d4969707fd4a3543145addf49b-dot-gle9392420309493993.rj.r.appspot.com,1
0wa2018webapp.editor.multiscreensite.com,1
0gichul.com,1
1000000000000000000000655235653204.tk,1
whatsapp.com,0
amazon-update-payment.ru,1
002v.pages.dev,1
07z5dy.duckdns.org,1
0317-60x.pages.dev,1
0penseapro-gifts.vercel.app,1
007sbw.cn,1
038-smallbusinessesrelyoncustomers.ga,1
1000200030005647588787775557765785952.tk,1
0001home.webflow.io,1
0utl00koffice365.3utilities.com,1
05t-78tyughbesdf6t87y98uiesfdyghj.vercel.app,1
rust-lang.org,0
088invoice.online,1
reebok.com,0
secure123login456.xyz,1
whatsapp-voice-message.info,1
0422007145.mexigas.com.mx,1
037foto1yainiris930facebook930albums920shjwu279.filesusr.com,1
wechat.com,0
0432222.com,1
0ping.mobielactiveren.nl,1
0432fff.com,1
0ff2436.wcomhost.com,1
0utlookwebaccess.sitey.me,1
05411bd.wcomhost.com,1
0fficial-dana.id-v-vvip.biz.id,1
0k4ywnztj.fat-fly.com,1
0ffcial.web-bantuandna.biz.id,1
043b689.netsolhost.com,1
100000000032196548910546144.ml,1
0f6299d6.341756953.xyz,1
05pjkuttodhtfho8h9d6libacc2sxs.qwo231sdx.club,1
103.40.8.203,1
001tr3nsf00.com,1
100020003000567456595575877455844775912.tk,1
05436774.weebly.com,1
0987890.weebly.com,1
02becu-server.duckdns.org,1
nequi.com.co,0
0g2f3rpd.duckdns.org,1
0ffice.register-access.com,1
0ltkinv7.robertaocana.com.br,1
058abbb5.sibforms.com,1
mastercard.com,0
amazon.com.br,0
0825850105.rangiroaplongee.pf,1
0.0.0dbs.cryptonight.net,1
1000000000000000000000655235653201.tk,1
05456et3454svdf04b8fd5ab27b1be5e7b51d9d8146566.weeblysite.com,1
0f0cb00k.blogspot.com,1
0fisialll.web-bantuandna.biz.id,1
medscape.com,0
scholar.google.com,0
xbox.com,0
0d092977b3209750e1429ff1d848ef2f.pages.dev,1
100074494.mafedesing.com,1
103.109.101.72,1
0952c4b6caecdd5fc183e5d94033b6d9-dot-gle9392420309493993.rj.r.appspot.com,1
04e2e0f4475bd9f5235321d92778aa9d-dot-dbenitonline.ey.r.appspot.com,1
0012-107647.weeblysite.com,1
02648321.blob.core.windows.net,1
101.99.95.155,1
0ve8w8gws54plsjj.qwo231sdx.club,1
01up4zpe8us.co,1
vercel.com,0
buzzfeed.com,0
0532816450.mexigas.com.mx,1
001codashop.freefire-work.duckdns.org,1
000mclogin.micloud-object-storage-xc-cos-static-web-hosting-qny.s3.us-east.cloud-object-storage.appdomain.cloud,1
00010xsea34dsd.co.vu,1
01.pilot45.com,1
013d.paypal-merchant.ru,1
0mkjrhaalxe5nvh91ylbhswuhz.qwo231sdx.club,1
1000000000347789523698544.tk,1
0fficee3656.weebly.com,1
0070e26e-ac97-4dd9-a7c9-08cb4d2b1678.id.repl.co,1
010c1ts.com,1
0822.pages.dev,1
0fdj793lxn.s3.us-south.objectstorage.softlayer.net,1
0ficiial.web-bantuandna.biz.id,1
0accesodigitalgrupobanc00.tiiny.site,1
update.google.phishing.xyz,1
1009.liqing-71.workers.dev,1
0915.jvcapitalgroup.com,1
103.147.225.123,1
facebook-copyright-notice.ru,1
021lm.com,1
00privacidad-cuenta-bhd-2025-22.weebly.com,1
1000000000000000000000000000852585525508.tk,1
003d6db553fcd8ae426bf76f121e0878-dot-cloud-365-000.el.r.appspot.com,1
0ipdfsheeju.typeform.com,1
qwertydomain.xyz,1
yandex.com,0
0lfsf4.yolasite.com,1
play.google.com,0
1000000000000000000000655235653202.tk,1
0731.cyssor.top,1
02f68ca3.voag.cn,1
009krewamz.duckdns.org,1
latam.com,0
0b9a4718.herj6jtbf.com.cn,1
103.49.251.172,1
100386544456417454.my.id,1
utp.edu.co,0
render.com,0
0761.jvcapitalgroup.com,1
100hotdvds.com,1
0ow15sn0bqwf2.qwo231sdx.club,1
0nline-111.ga,1
0908c83b.jue8hdnz.shop,1
0wo3ap.qwo231sdx.club,1
ads.google.com,0
00uyyu0gwytwuyytw00w.ketix.net,1
004240331.top,1
0f1e1c4d.txat99.net,1
0002-i-nastolatek-to-przegrales-zycie-i-to-z-kretesem.fun,1
01digitalmaio.com,1
10101010ht.000webhostapp.com,1
000chgojhd78jhvbwreuvk.webnode.com,1
1000000000000000000008566555.tk,1
05887f73.ucoqun.cn,1
expressvpn.com,0
0xag4rc9u0.projects.webpages.one,1
100019728.mafedesing.com,1
103.212.98.36,1
101.50.0.49,1
03zplf.markforaker.com,1
04323g.com,1
03fdc411.7z0qz8.shop,1
adobe.com,0
1000000096856398652556253565.tk,1
0ee3ac9509404ae8a2108a5154a8c2c8.rxbase.site,1
001madhankumar.github.io,1
1000001593348275012-us.ml,1
066195384.com,1
00808.vip,1
04955pt.weebly.com,1
0b9k-casefb509188.vercel.app,1
bold.co,0
0rg4n1z3r-c0mf1rmc3nt3r.000webhostapp.com,1
100000000075641210654897413-gq.tk,1
icloud.com,0
0ffice354fax9.pdf1.workers.dev,1
086511.xyz,1
fedoraproject.org,0
05j1m.mjt.lu,1
02.jie888.link,1
0a1db59384805b2c3e8d4be9beedb7a3-dot-spow3039.df.r.appspot.com,1
019299b9655fde0984df0a0ce034c615-dot-gle9392420309493993.rj.r.appspot.com,1
000nx2b.wcomhost.com,1
080b0d00.proj-ct-drive.pages.dev,1
0429hyk.cn,1
100000000087146589746541343-gq.tk,1
0r7s947n8.indylatinawrds.com,1
xkdjsnakjd.com,1
00oeady.cn,1
03ssrd3334phd00p4sh0s33drcorequemenxxkjw3450w1jklsha.s3-ap-southeast-1.amazonaws.com,1
elpais.com,0
000-7yt65t564656ythygy.000webhostapp.com,1
0oxohqzhnzg1fuln6dcqstcbnx.wusps.xyz,1
101vid.com.usrfiles.com,1
0830955.com,1
healthline.com,0
027sn.com,1
06z6gjmgqo4jr0t1qwn.qwo231sdx.club,1
0a9686f9-2650-456b-8cde-dc891355e3c9.weweb-preview.io,1
0710hqhnmq-a5dt.vercel.app,1
06f42c2f.qepfmq.shop,1
021034662015959.kitlanchesisa.com.br,1
044ac74.wcomhost.com,1
01fhsghaa.s3.us-east-1.amazonaws.com,1
0dd9ee0e.e10fc3fff8450073797a903512daea81e13e01defe927608856cdccb58.pages.dev,1
0minimize-mild0.dvrlists.com,1
065c52b.wcomhost.com,1
081213.081219.repl.co,1
0ec2259.wcomhost.com,1
substack.com,0
0s39cg4sac.projects.webpages.one,1
103168d8.sibforms.com,1
102rota.ru,1
0zyequo.cn,1
03650bet.com,1
00griel-bdvenline.pages.dev,1
0utlo0k-web.webcindario.com,1
santander-verify-identity.info,1
0d1e385e.sjw36sya1739.shop,1
00000002.c1.biz,1
0utlook424295w-2425293-245525.s3.us-east-2.amazonaws.com,1
0yeeeoyeeefaceb00kgrupoartisticobajacalifornia.filesusr.com,1
0de3zv23ud8sivjuevmeynqovlzmnmk65j.k1.cx,1
0bustlin.best,1
mega.nz,0
103.134.19.92,1
001-eca.pages.dev,1
103.117.72.24,1
kraken.com,0
10000836418-id-checkpoint.tk,1
0rz.tw,1
02billingissue.com,1
0aa9124efa9473118.temporary.link,1
0usmvfp8pizw4y.qwo231sdx.club,1
0ioyba.horusian.com,1
09010.myportfolio.com,1
python.org,0
1018-1yw.pages.dev,1
0ffice-365.co.uk,1
malwarebytes.com,0
02cfc2a1-a8b6-49ed-b96a-3331c782c010.htmlpasta.com,1
09887766479955433654.weebly.com,1
087372---bet035.com,1
0x8ov.mjt.lu,1
101135858098427-dot-ifile-document.appspot.com,1
0c42e738-1397-4a8e-89f8-5789db3efc2b-bucket.storage.fleek.co,1
brave.com,0
domains.google,0
0zg4-lpsv0d-jrw5.anjaan.com.np,1
0823.800809.xyz,1
0076678.com,1
0876376.tk,1
04040-dot-bles05.wn.r.appspot.com,1
0utlookwebapp2018.editor.multiscreensite.com,1
1000000005774689963254621.tk,1
02-error-billing.info,1
0818.jn2001.eu.org,1
09.l12h.repl.co,1
103.254.75.152,1
0d08c5a62c3637892.temporary.link,1
103.167.92.13,1
0dfb6e19.simptrue.com.cn,1
100000065497484541140-ar.tk,1
009987lk.weebly.com,1
0988765.weebly.com,1
0e3754c5.qepfmq.shop,1
100032569863256-79.000webhostapp.com,1
04328c.com,1
05ea8c4.wcomhost.com,1
06iis.com,1
004ca7f.netsolhost.com,1
098d346.wcomhost.com,1
009bb11405fa5b694a9f9915bc2acf38-dot-gle9392420309493993.rj.r.appspot.com,1
025g.top,1
0s.or3ws5dumvzc4y3pnu.drgo.ru,1
dropbox.com,0
amazon-prime-renew.info,1
10203281725627088.duckdns.org,1
youtube.com,0
060822.my.id,1
002gltz1wz1ltltz1w0wltw02gtz1.trackfiz.net,1
microsoft-login-secure.ru,1
00citizens0nline4ccess.com,1
00wellsfarg.azurewebsites.net,1
102454565100.000webhostapp.com,1
0acomsdvideuieba.qwo231sdx.club,1
100000000098765461565478767-gq.tk,1
01940d0e.learnhere.com.cn,1
0128410.duckdns.org,1
ruby-lang.org,0
java.com,0
04324444.com,1
ft.com,0
103-31-39-128.plesk.page,1
04325b.com,1
1028.cy782914547.workers.dev,1
supersalud.gov.co,0
04320432.vip,1
09h.amazoonlnca.top,1
02accounts.com,1
01928758273.atwebpages.com,1
0328bdaf.fc5adf2a3c8f58409a49af03.workers.dev,1
account001suspended.xyz,1
0nn9vurbln75i33py7awnfvr.we9ixzz.co,1
000193.azurewebsites.net,1
04082024eclipse.com,1
07c0eaaa6c1b31736fd825165b8933ba-dot-gle9392420309493993.rj.r.appspot.com,1
0ffice365fax10.pdf1.workers.dev,1
0tyfdjdktj4phirbhdvirwdcpgq8i.qwo231sdx.club,1
005-user.anzhiyu.workers.dev,1
ansible.com,0
postgresql.org,0
10000000002103221054874458-gq.tk,1
0instagram.netlify.app,1
0suz-bmmanager047181.vercel.app,1
00100.zzzly0925.workers.dev,1
0924bsnshlpcnfrm84pges8.link,1
0fficesecured.godaddysites.com,1
0u7l-0k0fice.netlify.app,1
bbva.com,0
0662906629.lbagencies.com.au,1
01175421.00agt8.shop,1
01xsecure-chase.duckdns.org,1
039aoosiia.azurefd.net,1
0033.top,1
0c27a8ee.hae118.shop,1
0fde014a-4027-4b59-b707-d34d74887d64-00-58nmu8j0mgrz.worf.replit.dev,1
066495384.com,1
0apnfatuvwaodxkn7wyiexqkqycc.qwo231sdx.club,1
roblox.com,0
government-grant-free.xyz,1
101.99.90.156,1
0ed64e3.wcomhost.com,1
0wlr7.mjt.lu,1
101.34.7cpanel.zanzibarmadeira.com,1
01064223613.com,1
iheartradio.com,0
000l34e.wcomhost.com,1
1020388-myaccount-com.xyz,1
0822fandai.86512538.workers.dev,1
0642fab1.rmfzkg.cyou,1
cloud.google.com,0
1005500cuentagratisonlyfans.filesusr.com,1
netflix-billing-update.info,1
007-c1z.pages.dev,1
0lrkdaptkt1jz3wvn09hcplwnm.qwo231sdx.club,1
0ffindong-net.ml,1
04321b.com,1
08931.pages.net.br,1
05f6d619f2ec8b83a72df963121fcc1b-dot-gle9392420309493993.rj.r.appspot.com,1
0nedrve-sharepoit.s3.au-syd.cloud-object-storage.appdomain.cloud,1
04320e.com,1
0ca2926f-23f5-4658-aa0a-93c1ac30788f-00-3o9z6abtelhr.picard.replit.dev,1
0fa8cru866uxityjvia1.liusanjie.cc,1
0o0nedrive.sytes.net,1
0ffice-resolving-l0gin-365.trilhadojerico.com.br,1
0a4ptk.qwo231sdx.club,1
1030.6k0ip-o.workers.dev,1
0utlook-live-com-helicopter-procurement-by-nepal-army-np.netlify.app,1
019aa9ed.d23822.cn,1
100000000000000000000596285206.tk,1
03lcox.page.link,1
mongodb.com,0
009bf6e1.fei124970841.cn,1
02billingnetwork.co.uk,1
javeriana.edu.co,0
026foto9kichitogralbum2facebook92sj84kl20s.filesusr.com,1
10011bt-mail100160.weeblysite.com,1
0r8508.csb.app,1
paypal-secure-login.xyz,1
0nlines.space,1
0d171508ae.nxcli.io,1
wikipedia.org,0
cnn.com,0
calendly.com,0
0298762756926726.myportfolio.com,1
02-bundle-package.com,1
09az26zfzlf.hefeicang.com,1
0pportunity--creat00rs--htttps1-1033933838.vercel.app,1
09123455.weebly.com,1
0freebrowsing.000webhostapp.com,1
10000000000000000000085665559.tk,1
103.155.92.10,1
cloudflare.com,0
100078988010725.pages.adv.br,1
079350326878598-dot-ifile-document.appspot.com,1
09000000.000webhostapp.com,1
071fa8e.rcomhost.com,1
00100601120140009.ml,1
05mixe.pages.dev,1
062f6a0.wcomhost.com,1
00np8.app.link,1
archive.org,0
002nuctra02.com,1
0c17d24d.ssjapan.cn,1
surveymonkey.com,0
101.99.90.98,1
0pw9ya184xpg.automating-platform-solution-provisioning.cfd,1
0az7w.weblium.site,1
065772b.wcomhost.com,1
0nline4mtbank.ddns.net,1
04513659.com,1
09092022.myz.info,1
092hw73hw82hs77aa76h822a3w7s3hsjs3w251718haha.pages.dev,1
0cbb8aecf0.nxcli.io,1
090-108675u64.weeblysite.com,1
0wa-administrator-0utlook-com-user109000849.s3.ap-south-1.amazonaws.com,1
01notif-ing-virification-baca12.ingress-erytho.ewp.live,1
0c4d4e6.wcomhost.com,1
062095384.com,1
04lends.pics,1
0a7yah040sign00in29i0secure00govsgu2v.netlify.app,1
0bb29214.hsduecinfj.com.cn,1
0cyjq8isz5gqhaxxbbgu9wtkinzo.pamanespools.mx,1
004261200-conf1rm.000webhostapp.com,1
02d046d4.importanttoyou.pages.dev,1
0140.ee,1
05798438536823.ml,1
101012495stepcomfrimacounfb.start.page,1
09fb236558d7818a7499afb40d24c6c4-dot-dbenitonline.ey.r.appspot.com,1
02012348.com,1
0432kkk.com,1
0317-cms.pages.dev,1
stimulus-check-claim.info,1
0inwyhzn.ga,1
100000000002546978564322.tk,1
02billingspage.com,1
exito.com,0
04327a.com,1
0fc3124f.voag.cn,1
0y3q3.app.link,1
0820-b79.pages.dev,1
1000000000007349476828349850.ml,1
amazon-prime-suspended.info,1
02network.com,1
00pie.sa.com,1
102.37.220.210,1
loom.com,0
0st8h6osdjfodwe3rxmpswqd5red.qwo231sdx.club,1
0hqx5lzmuxwctpcr8wljuvb40.filesusr.com,1
office365.com,0
01na5.hamime-hagh.com,1
063158e.wcomhost.com,1
0jguc.app.link,1
0ffice365fax15.pdf1.workers.dev,1
0ia2qux.fat-fly.com,1
04ws.fat-fly.com,1
004767666634154.litoralsulpremium.com.br,1
0365viewsonline.pages.dev,1
06bb6b93.bmed12.shop,1
canada.ca,0
0mqheqplq.richardl.xyz,1
0bb382243487ee9c8ac9aab9.pages.dev,1
typeform.com,0
1000000000347789523698541.tk,1
0xprotocolx-project.pages.dev,1
02e6315.netsolhost.com,1
002sfrontalpeni2773macbook-20email2520webmailfurh25e323w.weebly.com,1
glovo.com,0
100000000099852346579798545.tk,1
012567-24.000webhostapp.com,1
098765432-9876543-987654-876543.d627b2641c282aed5bc16ece.workers.dev,1
ifood.com.br,0
09xwer342432ety.000webhostapp.com,1
mnbvcxz-login.info,1
055995f7cb.nxcli.net,1
08541582.com,1
coursera.org,0
01telegramsexy.pages.dev,1
04325ss.com,1
00pix.sa.com,1
043200.vip,1
replit.com,0
0iszysau.duckdns.org,1
zara.com,0
un.org,0
05af429d.sibforms.com,1
100065006328602.000webhostapp.com,1
0425cfe7-b451-462c-862a-a275426c8365.usrfiles.com,1
wellsfargo-account-alert.info,1
059427607999082.graficaaoquadrado.com.br,1
0031f0031f.zibonalam.com,1
ecosia.org,0
angi.com,0
0640f5b9-e1b1-45e9-a0be-6d09e05525d9.id.repl.co,1
0471saibo.com,1
engadget.com,0
0jkhk4pf.square.site,1
harvard.edu,0
035199254017054.kitlanchesisa.com.br,1
1023asdguact5oqemage22sbclt66winniegarvin7732construction2123.weebly.com,1
0rrrkffy.square.site,1
000111.pages.net.br,1
10009.in-d.my.id,1
00alt.za.com,1
103.55.38.136,1
09sync00.duckdns.org,1
0710hqhnmq-wsjm.vercel.app,1
avg.com,0
0b50yutyudmynkmsh0mp0t7d6i4rv4pxw52a4ii9x8wajv4m4j.xyz,1
0539gangchang.com,1
0000guatec.davieelchirinos.repl.co,1
10005103322015.appeal.apxreview.com,1
0nlinesecuremessage.ppuaccountseverllp.sbs,1
101.99.90.146,1
084749fe-733f-4d24-a27d-589160b1b2bd-00-3ugwziwfd8nw6.riker.replit.dev,1
deliveroo.com,0
0ut1oc0nf1rm3mailsupporrt.unaux.com,1
congress.gov,0
1000000096856398652556253566.tk,1
codesandbox.io,0
0arrange-island0.dvrlists.com,1
100015144932705.xyz,1
0edjfg.43811.wap.shuaihu99.com,1
theatlantic.com,0
091b59da-762f-425d-b5e7-8b063426c8fc.usrfiles.com,1
jira.atlassian.com,0
044uu.azurewebsites.net,1
nih.gov,0
0fj3.icu,1
0s6ph.mjt.lu,1
0511.tglobales.cl,1
07452134.00015623a546554.workers.dev,1
0yeee0yeeefacebo0kgrupoartisticobajacalifornia.filesusr.com,1
blizzard.com,0
004sba90aolsecure00e0ios0sign0i0in8e0.netlify.app,1
trello.com,0
103.117.72.15,1
outlook-verify-email.xyz,1
support.bank.suspicious.info,1
0987657890.weebly.com,1
04324g.com,1
09467498835578928661047.jamb2022.co,1
mercadolibre.com,0
0917.jtdn.eu.org,1
icloud.com,0
0fb3859.wcomhost.com,1
07a32.cc,1
05v6cw.duckdns.org,1
00000000000000000000000000000000000000000.xyz,1
00ef5c18-e78b-489b-b945-c2a2a70d0f9e-00-2ers01t3lx3b0.spock.replit.dev,1
0nx9g.xiangyu56.com,1
0000mscautorizationclientid.com,1
028k365.com,1
prime.amazon.com,0
100063661793214.duckdns.org,1
103.21.58.121,1
0365xx.com,1
0mkrfcun19rqfzoz5pa.qwo231sdx.club,1
covid19-relief-fund.ru,1
100213410515.kumpulbarengteman.my.id,1
0oojeicy2oqygha.barclayis.co,1
office.com,0
0ffice3365.link,1
100pottery.com,1
discover.com,0
09508eda.rg38he.shop,1
000pbob.wcomhost.com,1
0xiwnz4.com.ng,1
103049878893579832409.com,1
084839152018418813072328-0140422251546948553796820.glitch.me,1
00003.godaddysites.com,1
secure-login-verify-account-update-billing-confirm.xyz,1
figma.com,0
0cd55157e283.godaddysites.com,1
0pz2-dmlo4k-kns4.airpawsmovers.com,1
atlassian.com,0
100000007894156146005612-ar.tk,1
0055.top,1
0dm2lzm4udmf0bf1zdu0fs4v6x.ymibox.xyz,1
apple-id-locked.info,1
000e-239f-23ea3-yah100-8ta1xb1rs33.netlify.app,1
103.101.176.34,1
00435eb8.nd-8wjsn.cloud,1
04luriruf.ikei5.za3r.snavlzuijt.ml,1
1001yes.net,1
ziprecruiter.com,0
043201ouy.pages.dev,1
086dianyuan.com,1
falabella.com,0
0ff86396323.sblc-ltd-sites.dollie.io,1
0u3bqkp4mratpyvk8reki.qwo231sdx.club,1
0722.housunzi.eu.org,1
03-04-03-59t-93y5tt-1324992141.cos.ap-bangkok.myqcloud.com,1
0963.rangiroaplongee.pf,1
020101.000webhostapp.com,1
pandora.com,0
0utlookwedapp1.cabanova.com,1
1000000000987651321005469872-gq.tk,1
0533a5h9.square.site,1
0f3a7951.voag.cn,1
02-accountverification.com,1
zendesk.com,0
09897365872652789276302.z19.web.core.windows.net,1
0.0.0assets.cryptonight.net,1
006161.com,1
05623333.xyz,1
0e3signinatt0978verify98code476ios17i.netlify.app,1
09913659.com,1
0441ecc.wcomhost.com,1
semana.com,0
02740151515231388943689645138916769041.eu-gb.cf.appdomain.cloud,1
0nline3.wearocz.site,1
06bd7e5.wcomhost.com,1
05607df0.koldb.com.cn,1
10000000000000000000000000006568533.tk,1
0c4b162c.eo91.com.cn,1
02.kkdz21.filegear-sg.me,1
0r.proviban.repl.co,1
00c.16mb.com,1
00-5fu.pages.dev,1
0f2cc53.wcomhost.com,1
0928.wqh8290.workers.dev,1
arstechnica.com,0
080cc6ad.ilekdfjcxm.shop,1
1024-4d9.pages.dev,1
046893e666ef23df1a27da48a40b505e-dot-gle9392420309493993.rj.r.appspot.com,1
100000000000000000000000052555269206.tk,1
092618c0-ab28-40b3-9511-536f19f59d15.usrfiles.com,1
0f77ddf.wcomhost.com,1
onenote.com,0
05313.afinnishedtouch.com,1
dropbox.com,0
05xo6dbd9zp3fgcuqtvhutd.qwo231sdx.club,1
0046.paypal-merchant.ru,1
0356.service-helvetia.com,1
aliexpress.com,0
facebook-account-locked.info,1
1000000000007349476828349854.ml,1
suspicious-page.xyz,1
0qea2xs6mrezi7m8rczrauolai.qwo231sdx.club,1
103.155.93.79,1
024k365.com,1
0057888.com,1
073ed139-dbd0-424d-8ec2-ed3e8eec8cb7.usrfiles.com,1
intercom.com,0
103.155.93.217,1
irs-tax-return.xyz,1
developer.apple.com,0
0faea50510e3bba82b5c33cc9b98e9ed-dot-gle9392420309493993.rj.r.appspot.com,1
monzo.com,0
0b20566622a9.godaddysites.com,1
0ytt0u00y0qqutug0wyu.bystridhiking.com,1
0642717.wcomhost.com,1
06e19c8.wcomhost.com,1
udacity.com,0
uber.com,0
0bzpl5xto6.7093.a4.com.tr,1
061kp.cc,1
04ddafcd.udniciomw.shop,1
0fa2c1c6.qepfmq.shop,1
05d2ce97d1.nxcli.io,1
puma.com,0
07bdd7c.wcomhost.com,1
0a94184f.gskjdfegwhu.shop,1
1000000021205549874416377-pe.tk,1
100kshopeeepay.gif11.duckdns.org,1
0ffice.webnode.com,1
00tyw0aytaw0tawtuaty.touryar.net,1
0k1r.info,1
02cj-bh.pages.dev,1
001107018.studentserver.com.au,1
0wa-mlcr0softdocumentcenter9573288162-0nlineviewer9562243567917.365-0utlookweb.workers.dev,1
04320ss.com,1
00inicio-validacion-segura-31.weebly.com,1
crypto-wallet-verify.xyz,1
mit.edu,0
054kp.cc,1
developer.mozilla.org,0
0923-10376tt.weeblysite.com,1
100002587440.ml,1
02-cancelled-bundle.com,1
020k365.com,1
08212.pages.dev,1
clickup.com,0
ipvanish.com,0
0ne-drive.wasmer.app,1
05ad154e.htengsc.com,1
100hq9nr5ahvjatqihejdbci4zbdh1qmidg-uact.weebly.com,1
0818.207087262.xyz,1
008f5c4e.doekeopsmn.cloud,1
0618-ccg.pages.dev,1
02.data-process01.com,1
097711175779410.cocopasa.com.mx,1
008009989987890007.co.vu,1
025683cd-3142-471d-becd-719a6a70e74c.htmlcomponentservice.com,1
sheets.google.com,0
quizlet.com,0
095267195954465-dot-crafty-shade-294422.uk.r.appspot.com,1
0172844bks.7m.pl,1
0ffice.webnode.page,1
02yah001e0-y0mai11i-winver121-ios19.netlify.app,1
0f6b95e6-ea26-4de0-a396-94b4448d8e50-00-16y9crj322f3g.janeway.replit.dev,1
bbc.com,0
0b486872.yingxiaodashi.com.cn,1
0ee6ijc.5q5e5o.cn,1
booking.com,0
10000000002103221054874455-gq.tk,1
0l5r05qgb9qi.vercel.app,1
0612563329356944631.us-south.cf.appdomain.cloud,1
0vn1tfwynl8y3itq3iujfekygktebk3v.qlu.net,1
snapchat-account-locked.ru,1
0rmk5ddemwdupewyi520.lspower.xyz,1
brilliant.org,0
0319638536.atomicoysters.com,1
101.99.90.35,1
04c7c8d8-90f8-4641-b8af-f462db1c7413.htmlcomponentservice.com,1
0cab4858.designqueen.cn,1
00030ae9.qepfmq.shop,1
000nt6r.wcomhost.com,1
000000788-66666666.000webhostapp.com,1
08c97d5d-2445-4cd3-a308-8a55c32167a9-00-21ng9b1eqafu3.sisko.replit.dev,1
00439632890395435423.com,1
091383774340-shared.fathym.com,1
101.99.90.161,1
06668706o.wixsite.com,1
state.gov,0
eluniverso.com,0
100000000000000000000566484715.tk,1
00ql.paypal-merchant.ru,1
096159.com,1
0fde0dd9.n61gft.shop,1
100000000087146589746541350-gq.tk,1
02resolve.co.uk,1
09pgt.app.link,1
0nq02txkp5.qwo231sdx.club,1
0432111.com,1
009-288-49.weeblysite.com,1
08us4w085ps.shop,1
1000280512502.duckdns.org,1
0834ka.com,1
0u9bkoj0i0.blogspot.co.ke,1
ask.com,0
0zd4-olyd5t-bvq7.anjaan.com.np,1
0servicedn.network,1
01notif-stractpoul-baca12.ingress-baronn.ewp.live,1
014mailorange.weebly.com,1
0i21t93.wusps.xyz,1
0nlineuserdeskinf0v27.duckdns.org,1
02625-angeldavidsoto276606300.codeanyapp.com,1
amaz0n-secure-login.xyz,1
10023634354578.skom.id,1
04u.069.mywebsitetransfer.com,1
1000okrs.com,1
103531-101802.weeblysite.com,1
06c73e7.wcomhost.com,1
0126365.com,1
10150352479pagesbusiness.duckdns.org,1
0apariais.click,1
0682f223.ilekdfjcxm.shop,1
04323ss.com,1
088vxghmm.richardl.xyz,1
tumblr.com,0
025662nhhh.hyperphp.com,1
0bn2bheejdjvf.qwo231sdx.club,1
03316951.zi-xz.my.id,1
06558npmojsgs.weebly.com,1
0o048.app.link,1
08c073b26ec86.mcwagents.com,1
0pjxnqep.officiall-on.my.id,1
0e650985-e00b-4b1b-88a0-494c27e8b8e2-00-eonsgyod4g8.spock.replit.dev,1
00000000000000000update.emy.ba,1
0ffic365.bgc-ar4.pages.dev,1
0ff3ce.com,1
101.99.95.50,1
1007v3.pages.dev,1
0656414.com,1
02348332-a85c-469a-83fe-422672475c48.htmlcomponentservice.com,1
0qt17.weblium.site,1
0ffiice635.weebly.com,1
02221203252120.duckdns.org,1
07022252493427944897632.jamb2022.co,1
0bv8ls.zh339.top,1
0cjsxodk.robertaocana.com.br,1
066095384.com,1
0417.pages.dev,1
100000000000000000000000052555269208.tk,1
kubernetes.io,0
00tec.blob.core.windows.net,1
0g0i4uyscw.bond,1
10215421secureaccountadmin-setting.start.page,1
029786737484042.ybyjmjjjjgy.xyxn.net,1
100000000003215641153410886-gq.tk,1
04313659.com,1
0ffice-resolving-l0gin-365.excfashion.ro,1
0fileserver.cryptonight.net,1
0larich21.github.io,1
0f37215.wcomhost.com,1
0ow6.info,1
02cubed.com,1
02sales.redtrimnare.online,1
everydayhealth.com,0
034-825.weebly.com,1
0822krv.xyz,1
drugs.com,0
100000000084754106531368436-gq.tk,1
0b82d2aa.54vf69.shop,1
gmail.com,0
1001nightskitchen.com,1
09ta.github.io,1
1015.molsa.cn,1
1000000000000000000000009639639631.tk,1
delta.com,0
000wechost.000webhostapp.com,1
0p1hq4ug.duckdns.org,1
001.gamecc.workers.dev,1
0c0828ygk2pg7z7yivqwe9gf0cfewvbi.ocalam.com,1
0fcyjel2fzq.qwo231sdx.club,1
0eea8614-dd3f-45d0-bf86-1663b5ec9abf-00-3v7xcn9p6afkf.weebly.com,1
000o8dc.wcomhost.com,1
stripe.com,0
100000000.4545474474.hstn.me,1
00000f.nuevaconfirma.repl.co,1
00e94yahoouserid092e-apra02ios16win11.netlify.app,1
1015232839978kk.duckdns.org,1
noname-secure.ru,1
0nline3mtb.sytes.net,1
000o4d4.wcomhost.com,1
1000kleider.com,1
0utloo2k3383.liveblog365.com,1
10000000003210654168464710483-gq.tk,1
049afcc0ff11.godaddysites.com,1
06ibl2qf.sibpages.com,1
tutanota.com,0
netflix.com,0
0tr7g.mjt.lu,1
0neofonedlive.freedynamicdns.net,1
080718e9-56f3-4037-a951-75585fa24433.usrfiles.com,1
0816.wu24479618.workers.dev,1
0jcormfk88.preview-postedstuff.com,1
nordvpn.com,0
0oajpaqjud.live,1
04bb293d.h21281.cn,1
0se0se0se0se01.jimdofree.com,1
00banc0we8pichi.000webhostapp.com,1
000oiq3.wcomhost.com,1
056b968.wcomhost.com,1
wetransfer.com,0
02-pontos-exclusivos.dynv6.net,1
082e9e0.wcomhost.com,1
0mdablwqwyzytz.webflow.io,1
103187154.co.vu,1
103.255.237.203,1
02d4d29c-63c5-41ad-90e5-c45d442cf421-00-12h5ykvyp52i6.spock.replit.dev,1
047e255d9fa68c97d2b4edf7a4edd64b-dot-gle9392420309493993.rj.r.appspot.com,1
00e9e64bac127f1ea25c54f64b0c85197a1a1fa387312ba076-apidata.googleusercontent.com,1
elastic.co,0
0wamail-2937hak-akajyxtgjd.s3.amazonaws.com,1
0bc25918-ede8-4d71-aa46-383c2feface8-00-2bn6ufzo8v6uw.picard.replit.dev,1
04322b.com,1
0fbf7188.341756953.xyz,1
04210.z13.web.core.windows.net,1
0365microsoftonline.com,1
0.fres-news.com,1
kayak.com,0
10001-interac.info,1
1001-podarok.net.ru,1
103.40.8.115,1
swift.org,0
0.vsxmfkrvoipzs67.workers.dev,1
00chase-secure001.duckdns.org,1
103.155.93.6,1
onedrive.com,0
davivienda.com,0
daviplata-actualizar-datos.info,1
0ff4e4948a0584972b865cfc1f8f5e08-dot-spow3039.df.r.appspot.com,1
0gxw7bc.lb6z4u3.cn,1
09.web-long2.live,1
06c41c78-0264-4c89-96f1-126df5b39cd5-00-1qq4eh6du2a8d.worf.replit.dev,1
02servaccnt04.ddns.net,1
103.40.8.188,1
1000000000985416511041547622-gq.tk,1
0xm939ln.square.site,1
09318a3f.h09mzp.shop,1
028saibo.com,1
09sujeulde8tpf0fpsktrreltvf.we9ixzz.co,1
slack.com,0
xbox.com,0
